drug_id,drug_smile,drug_smiles,Drug_ID,Drug
11617559.0,COc1ccc(COc2ccc(Cc3cnc(N)nc3N)cc2OC)cc1,COc1ccc(COc2ccc(Cc3cnc(N)nc3N)cc2OC)cc1,11617559.0,COc1ccc(COc2ccc(Cc3cnc(N)nc3N)cc2OC)cc1
24180719.0,CCCS(=O)(=O)Nc1ccc(F)c(C(=O)c2c[nH]c3ncc(Cl)cc23)c1F,CCCS(=O)(=O)Nc1ccc(F)c(C(=O)c2c[nH]c3ncc(Cl)cc23)c1F,24180719.0,CCCS(=O)(=O)Nc1ccc(F)c(C(=O)c2c[nH]c3ncc(Cl)cc23)c1F
9874913.0,COCC(=O)NC/C=C/c1ccc2ncnc(Nc3ccc(Oc4ccc(C)nc4)c(C)c3)c2c1,COCC(=O)NC/C=C/c1ccc2ncnc(Nc3ccc(Oc4ccc(C)nc4)c(C)c3)c2c1,9874913.0,COCC(=O)NC/C=C/c1ccc2ncnc(Nc3ccc(Oc4ccc(C)nc4)c(C)c3)c2c1
6918454.0,O=C(NOCC1CC1)c1ccc(F)c(F)c1Nc1ccc(I)cc1Cl,O=C(NOCC1CC1)c1ccc(F)c(F)c1Nc1ccc(I)cc1Cl,6918454.0,O=C(NOCC1CC1)c1ccc(F)c(F)c1Nc1ccc(I)cc1Cl
11409972.0,CCN1CCN(Cc2ccc(NC(=O)Nc3ccc(Oc4cc(NC)ncn4)cc3)cc2C(F)(F)F)CC1,CCN1CCN(Cc2ccc(NC(=O)Nc3ccc(Oc4cc(NC)ncn4)cc3)cc2C(F)(F)F)CC1,11409972.0,CCN1CCN(Cc2ccc(NC(=O)Nc3ccc(Oc4cc(NC)ncn4)cc3)cc2C(F)(F)F)CC1
10127622.0,Cn1cnc2c(F)c(Nc3ccc(Br)cc3Cl)c(C(=O)NOCCO)cc21,Cn1cnc2c(F)c(Nc3ccc(Br)cc3Cl)c(C(=O)NOCCO)cc21,10127622.0,Cn1cnc2c(F)c(Nc3ccc(Br)cc3Cl)c(C(=O)NOCCO)cc21
4521392.0,NC(=O)c1ccc(-c2nc(-c3ccccn3)c(-c3ccc4c(c3)OCO4)[nH]2)cc1,NC(=O)c1ccc(-c2nc(-c3ccccn3)c(-c3ccc4c(c3)OCO4)[nH]2)cc1,4521392.0,NC(=O)c1ccc(-c2nc(-c3ccccn3)c(-c3ccc4c(c3)OCO4)[nH]2)cc1
151194.0,Clc1ccc(Nc2nnc(Cc3ccncc3)c3ccccc23)cc1,Clc1ccc(Nc2nnc(Cc3ccncc3)c3ccccc23)cc1,151194.0,Clc1ccc(Nc2nnc(Cc3ccncc3)c3ccccc23)cc1
10074640.0,Cc1ccc(NC(=O)c2ccc(CN3CCN(C)CC3)cc2)cc1Nc1nc(-c2cccnc2)cs1,Cc1ccc(NC(=O)c2ccc(CN3CCN(C)CC3)cc2)cc1Nc1nc(-c2cccnc2)cs1,10074640.0,Cc1ccc(NC(=O)c2ccc(CN3CCN(C)CC3)cc2)cc1Nc1nc(-c2cccnc2)cs1
31721.0,COc1ccc(CC(C)N)cc1,COc1ccc(CC(C)N)cc1,31721.0,COc1ccc(CC(C)N)cc1
6918852.0,COc1ccc(F)c(F)c1C(=O)c1cnc(NC2CCN(S(C)(=O)=O)CC2)nc1N,COc1ccc(F)c(F)c1C(=O)c1cnc(NC2CCN(S(C)(=O)=O)CC2)nc1N,6918852.0,COc1ccc(F)c(F)c1C(=O)c1cnc(NC2CCN(S(C)(=O)=O)CC2)nc1N
123631.0,COc1cc2ncnc(Nc3ccc(F)c(Cl)c3)c2cc1OCCCN1CCOCC1,COc1cc2ncnc(Nc3ccc(F)c(Cl)c3)c2cc1OCCCN1CCOCC1,123631.0,COc1cc2ncnc(Nc3ccc(F)c(Cl)c3)c2cc1OCCCN1CCOCC1
15983966.0,C[C@@H](Oc1cc(-n2cnc3ccc(CN4CCN(C)CC4)cc32)sc1C(N)=O)c1ccccc1C(F)(F)F,C[C@@H](Oc1cc(-n2cnc3ccc(CN4CCN(C)CC4)cc32)sc1C(N)=O)c1ccccc1C(F)(F)F,15983966.0,C[C@@H](Oc1cc(-n2cnc3ccc(CN4CCN(C)CC4)cc32)sc1C(N)=O)c1ccccc1C(F)(F)F
118023060.0,Cn1cncc1C(O)(c1ccc(Cl)cc1)c1ccc2nc(N3CCC3)c(OCC(F)(F)F)c(Cl)c2c1,Cn1cncc1C(O)(c1ccc(Cl)cc1)c1ccc2nc(N3CCC3)c(OCC(F)(F)F)c(Cl)c2c1,118023060.0,Cn1cncc1C(O)(c1ccc(Cl)cc1)c1ccc2nc(N3CCC3)c(OCC(F)(F)F)c(Cl)c2c1
71584455.0,NS(=O)(=O)c1c(F)c(F)c(NC23CC4CC(CC(C4)C2)C3)c(F)c1F,NS(=O)(=O)c1c(F)c(F)c(NC23CC4CC(CC(C4)C2)C3)c(F)c1F,71584455.0,NS(=O)(=O)c1c(F)c(F)c(NC23CC4CC(CC(C4)C2)C3)c(F)c1F
5287969.0,CN1CC[C@H](c2c(O)cc(O)c3c(=O)cc(-c4ccccc4Cl)oc23)[C@H](O)C1,CN1CC[C@H](c2c(O)cc(O)c3c(=O)cc(-c4ccccc4Cl)oc23)[C@H](O)C1,5287969.0,CN1CC[C@H](c2c(O)cc(O)c3c(=O)cc(-c4ccccc4Cl)oc23)[C@H](O)C1
176167.0,Cn1cc(C2=C(c3cn(C4CCN(Cc5ccccn5)CC4)c4ccccc34)C(=O)NC2=O)c2ccccc21,Cn1cc(C2=C(c3cn(C4CCN(Cc5ccccn5)CC4)c4ccccc34)C(=O)NC2=O)c2ccccc21,176167.0,Cn1cc(C2=C(c3cn(C4CCN(Cc5ccccn5)CC4)c4ccccc34)C(=O)NC2=O)c2ccccc21
447077.0,CSc1cccc(Nc2ncc3cc(-c4c(Cl)cccc4Cl)c(=O)n(C)c3n2)c1,CSc1cccc(Nc2ncc3cc(-c4c(Cl)cccc4Cl)c(=O)n(C)c3n2)c1,447077.0,CSc1cccc(Nc2ncc3cc(-c4c(Cl)cccc4Cl)c(=O)n(C)c3n2)c1
11676971.0,CN(C)CC(=O)N1CCC(c2ccc(NC(=O)c3ncc(C#N)[nH]3)c(C3=CCCCC3)c2)CC1,CN(C)CC(=O)N1CCC(c2ccc(NC(=O)c3ncc(C#N)[nH]3)c(C3=CCCCC3)c2)CC1,11676971.0,CN(C)CC(=O)N1CCC(c2ccc(NC(=O)c3ncc(C#N)[nH]3)c(C3=CCCCC3)c2)CC1
24889392.0,CC(C)(C)c1cc(NC(=O)Nc2ccc(-c3cn4c(n3)sc3cc(OCCN5CCOCC5)ccc34)cc2)no1,CC(C)(C)c1cc(NC(=O)Nc2ccc(-c3cn4c(n3)sc3cc(OCCN5CCOCC5)ccc34)cc2)no1,24889392.0,CC(C)(C)c1cc(NC(=O)Nc2ccc(-c3cn4c(n3)sc3cc(OCCN5CCOCC5)ccc34)cc2)no1
3081361.0,COc1cc2c(Nc3ccc(Br)cc3F)ncnc2cc1OCC1CCN(C)CC1,COc1cc2c(Nc3ccc(Br)cc3F)ncnc2cc1OCC1CCN(C)CC1,3081361.0,COc1cc2c(Nc3ccc(Br)cc3F)ncnc2cc1OCC1CCN(C)CC1
118022825.0,COc1nc2ccc(C(O)(c3ccccc3)C3CCN(C(C)=O)CC3)cc2c(Cl)c1CC1CC1,COc1nc2ccc(C(O)(c3ccccc3)C3CCN(C(C)=O)CC3)cc2c(Cl)c1CC1CC1,118022825.0,COc1nc2ccc(C(O)(c3ccccc3)C3CCN(C(C)=O)CC3)cc2c(Cl)c1CC1CC1
11427553.0,O=C(c1ccc(/C=C/c2n[nH]c3ccccc23)cc1)N1CCNCC1,O=C(c1ccc(/C=C/c2n[nH]c3ccccc23)cc1)N1CCNCC1,11427553.0,O=C(c1ccc(/C=C/c2n[nH]c3ccccc23)cc1)N1CCNCC1
9809715.0,COC(=O)c1ccc2c(c1)NC(=O)/C2=C(\Nc1ccc(N(C)C(=O)CN2CCN(C)CC2)cc1)c1ccccc1,COC(=O)c1ccc2c(c1)NC(=O)/C2=C(\Nc1ccc(N(C)C(=O)CN2CCN(C)CC2)cc1)c1ccccc1,9809715.0,COC(=O)c1ccc2c(c1)NC(=O)/C2=C(\Nc1ccc(N(C)C(=O)CN2CCN(C)CC2)cc1)c1ccccc1
5461005.0,CC/C=C\C/C=C\C/C=C\CCCCCCCC(=O)[O-],CC/C=C\C/C=C\C/C=C\CCCCCCCC(=O)[O-],5461005.0,CC/C=C\C/C=C\C/C=C\CCCCCCCC(=O)[O-]
95864.0,O=C(O)c1cc2ccccc2s1,O=C(O)c1cc2ccccc2s1,95864.0,O=C(O)c1cc2ccccc2s1
73776203.0,NS(=O)(=O)c1c(F)c(F)c(SCCO)c(F)c1NC1CCCCCCC1,NS(=O)(=O)c1c(F)c(F)c(SCCO)c(F)c1NC1CCCCCCC1,73776203.0,NS(=O)(=O)c1c(F)c(F)c(SCCO)c(F)c1NC1CCCCCCC1
3062316.0,Cc1nc(Nc2ncc(C(=O)Nc3c(C)cccc3Cl)s2)cc(N2CCN(CCO)CC2)n1,Cc1nc(Nc2ncc(C(=O)Nc3c(C)cccc3Cl)s2)cc(N2CCN(CCO)CC2)n1,3062316.0,Cc1nc(Nc2ncc(C(=O)Nc3c(C)cccc3Cl)s2)cc(N2CCN(CCO)CC2)n1
8515.0,Oc1c2ccccc2c2c3c(cccc13)N=N2,Oc1c2ccccc2c2c3c(cccc13)N=N2,8515.0,Oc1c2ccccc2c2c3c(cccc13)N=N2
11234052.0,Cc1cc2c(F)c(Oc3ncnn4cc(OC[C@@H](C)O)c(C)c34)ccc2[nH]1,Cc1cc2c(F)c(Oc3ncnn4cc(OC[C@@H](C)O)c(C)c34)ccc2[nH]1,11234052.0,Cc1cc2c(F)c(Oc3ncnn4cc(OC[C@@H](C)O)c(C)c34)ccc2[nH]1
11723317.0,S=C(NCCCCCc1cnc[nH]1)NCCc1ccccc1,S=C(NCCCCCc1cnc[nH]1)NCCc1ccccc1,11723317.0,S=C(NCCCCCc1cnc[nH]1)NCCc1ccccc1
216239.0,CNC(=O)c1cc(Oc2ccc(NC(=O)Nc3ccc(Cl)c(C(F)(F)F)c3)cc2)ccn1,CNC(=O)c1cc(Oc2ccc(NC(=O)Nc3ccc(Cl)c(C(F)(F)F)c3)cc2)ccn1,216239.0,CNC(=O)c1cc(Oc2ccc(NC(=O)Nc3ccc(Cl)c(C(F)(F)F)c3)cc2)ccn1
71546347.0,Cn1c2c(c3ccc(NC(=O)C(=O)O)cc3c1=O)C(=O)c1ccccc1-2,Cn1c2c(c3ccc(NC(=O)C(=O)O)cc3c1=O)C(=O)c1ccccc1-2,71546347.0,Cn1c2c(c3ccc(NC(=O)C(=O)O)cc3c1=O)C(=O)c1ccccc1-2
9884685.0,Oc1cccc(-c2nc(N3CCOCC3)c3oc4ncccc4c3n2)c1,Oc1cccc(-c2nc(N3CCOCC3)c3oc4ncccc4c3n2)c1,9884685.0,Oc1cccc(-c2nc(N3CCOCC3)c3oc4ncccc4c3n2)c1
91929718.0,CC(C)CCC[C@@H](C)[C@H]1CC[C@H]2[C@@H]3CC[C@H]4C[C@@H](O[C@@H]5O[C@H](COS(=O)(=O)[O-])[C@@H](O[C@H]6O[C@H](COS(=O)(=O)[O-])[C@@H](OS(=O)(=O)[O-])[C@H](OS(=O)(=O)[O-])[C@H]6OS(=O)(=O)[O-])[C@H](OS(=O)(=O)[O-])[C@H]5OS(=O)(=O)[O-])CC[C@]4(C)[C@H]3CC[C@@]21C,CC(C)CCC[C@@H](C)[C@H]1CC[C@H]2[C@@H]3CC[C@H]4C[C@@H](O[C@@H]5O[C@H](COS(=O)(=O)[O-])[C@@H](O[C@H]6O[C@H](COS(=O)(=O)[O-])[C@@H](OS(=O)(=O)[O-])[C@H](OS(=O)(=O)[O-])[C@H]6OS(=O)(=O)[O-])[C@H](OS(=O)(=O)[O-])[C@H]5OS(=O)(=O)[O-])CC[C@]4(C)[C@H]3CC[C@@]21C,91929718.0,CC(C)CCC[C@@H](C)[C@H]1CC[C@H]2[C@@H]3CC[C@H]4C[C@@H](O[C@@H]5O[C@H](COS(=O)(=O)[O-])[C@@H](O[C@H]6O[C@H](COS(=O)(=O)[O-])[C@@H](OS(=O)(=O)[O-])[C@H](OS(=O)(=O)[O-])[C@H]6OS(=O)(=O)[O-])[C@H](OS(=O)(=O)[O-])[C@H]5OS(=O)(=O)[O-])CC[C@]4(C)[C@H]3CC[C@@]21C
10138259.0,Cc1[nH]c(/C=C2\C(=O)Nc3ccc(F)cc32)c(C)c1C(=O)NC[C@H](O)CN1CCOCC1,Cc1[nH]c(/C=C2\C(=O)Nc3ccc(F)cc32)c(C)c1C(=O)NC[C@H](O)CN1CCOCC1,10138259.0,Cc1[nH]c(/C=C2\C(=O)Nc3ccc(F)cc32)c(C)c1C(=O)NC[C@H](O)CN1CCOCC1
156422.0,Cc1ccc(-n2nc(C(C)(C)C)cc2NC(=O)Nc2ccc(OCCN3CCOCC3)c3ccccc23)cc1,Cc1ccc(-n2nc(C(C)(C)C)cc2NC(=O)Nc2ccc(OCCN3CCOCC3)c3ccccc23)cc1,156422.0,Cc1ccc(-n2nc(C(C)(C)C)cc2NC(=O)Nc2ccc(OCCN3CCOCC3)c3ccccc23)cc1
1510981.0,Cc1cccc(-n2cnc3cc(N)ccc32)c1,Cc1cccc(-n2cnc3cc(N)ccc32)c1,1510981.0,Cc1cccc(-n2cnc3cc(N)ccc32)c1
9929127.0,COc1c(Cl)cc2c([nH]c3cnccc32)c1NC(=O)c1cccnc1C,COc1c(Cl)cc2c([nH]c3cnccc32)c1NC(=O)c1cccnc1C,9929127.0,COc1c(Cl)cc2c([nH]c3cnccc32)c1NC(=O)c1cccnc1C
5328940.0,COc1cc(Nc2c(C#N)cnc3cc(OCCCN4CCN(C)CC4)c(OC)cc23)c(Cl)cc1Cl,COc1cc(Nc2c(C#N)cnc3cc(OCCCN4CCN(C)CC4)c(OC)cc23)c(Cl)cc1Cl,5328940.0,COc1cc(Nc2c(C#N)cnc3cc(OCCCN4CCN(C)CC4)c(OC)cc23)c(Cl)cc1Cl
11517747.0,O=C(NC(Cn1ccnc1)c1ccc(Cl)cn1)c1ccc(-c2ccc(Cl)cc2)cc1,O=C(NC(Cn1ccnc1)c1ccc(Cl)cn1)c1ccc(-c2ccc(Cl)cc2)cc1,11517747.0,O=C(NC(Cn1ccnc1)c1ccc(Cl)cn1)c1ccc(-c2ccc(Cl)cc2)cc1
24905147.0,CC(C)n1nc(-c2cc3cc(O)ccc3[nH]2)c2c(N)ncnc21,CC(C)n1nc(-c2cc3cc(O)ccc3[nH]2)c2c(N)ncnc21,24905147.0,CC(C)n1nc(-c2cc3cc(O)ccc3[nH]2)c2c(N)ncnc21
138805798.0,COc1nc2ccc([C@](O)(c3ccc(C)nc3C)c3cnnn3C)cc2c(Cl)c1CN1CCC(F)CC1,COc1nc2ccc([C@](O)(c3ccc(C)nc3C)c3cnnn3C)cc2c(Cl)c1CN1CCC(F)CC1,138805798.0,COc1nc2ccc([C@](O)(c3ccc(C)nc3C)c3cnnn3C)cc2c(Cl)c1CN1CCC(F)CC1
9829523.0,CO[C@@H]1[C@H](N(C)C(=O)c2ccccc2)C[C@H]2O[C@]1(C)n1c3ccccc3c3c4c(c5c6ccccc6n2c5c31)C(=O)NC4,CO[C@@H]1[C@H](N(C)C(=O)c2ccccc2)C[C@H]2O[C@]1(C)n1c3ccccc3c3c4c(c5c6ccccc6n2c5c31)C(=O)NC4,9829523.0,CO[C@@H]1[C@H](N(C)C(=O)c2ccccc2)C[C@H]2O[C@]1(C)n1c3ccccc3c3c4c(c5c6ccccc6n2c5c31)C(=O)NC4
153999.0,CN(C)C[C@@H]1CCn2cc(c3ccccc32)C2=C(C(=O)NC2=O)c2cn(c3ccccc23)CCO1,CN(C)C[C@@H]1CCn2cc(c3ccccc32)C2=C(C(=O)NC2=O)c2cn(c3ccccc23)CCO1,153999.0,CN(C)C[C@@H]1CCn2cc(c3ccccc32)C2=C(C(=O)NC2=O)c2cn(c3ccccc23)CCO1
9915372.0,NS(=O)(=O)N1CCN(C2CN(CC[C@]3(c4ccc(Cl)c(Cl)c4)CCC(=O)N(CC4CC4)C3)C2)CC1,NS(=O)(=O)N1CCN(C2CN(CC[C@]3(c4ccc(Cl)c(Cl)c4)CCC(=O)N(CC4CC4)C3)C2)CC1,9915372.0,NS(=O)(=O)N1CCN(C2CN(CC[C@]3(c4ccc(Cl)c(Cl)c4)CCC(=O)N(CC4CC4)C3)C2)CC1
16187854.0,Cn1cc(-c2ccc3nnc(Sc4ccc5ncccc5c4)n3n2)cn1,Cn1cc(-c2ccc3nnc(Sc4ccc5ncccc5c4)n3n2)cn1,16187854.0,Cn1cc(-c2ccc3nnc(Sc4ccc5ncccc5c4)n3n2)cn1
117927118.0,O=C(Cc1ccc(-c2cnc3[nH]cnc3n2)cc1)Nc1cc(C2(C(F)(F)F)CC2)on1,O=C(Cc1ccc(-c2cnc3[nH]cnc3n2)cc1)Nc1cc(C2(C(F)(F)F)CC2)on1,117927118.0,O=C(Cc1ccc(-c2cnc3[nH]cnc3n2)cc1)Nc1cc(C2(C(F)(F)F)CC2)on1
57399640.0,COc1cc2c(Oc3ccc(NC(=O)C4(C(=O)NC5=CCC(F)C=C5)CC4)cc3F)ccnc2cc1OCCCN1CCOCC1,COc1cc2c(Oc3ccc(NC(=O)C4(C(=O)NC5=CCC(F)C=C5)CC4)cc3F)ccnc2cc1OCCCN1CCOCC1,57399640.0,COc1cc2c(Oc3ccc(NC(=O)C4(C(=O)NC5=CCC(F)C=C5)CC4)cc3F)ccnc2cc1OCCCN1CCOCC1
208908.0,CS(=O)(=O)CCNCc1ccc(-c2ccc3ncnc(Nc4ccc(OCc5cccc(F)c5)c(Cl)c4)c3c2)o1,CS(=O)(=O)CCNCc1ccc(-c2ccc3ncnc(Nc4ccc(OCc5cccc(F)c5)c(Cl)c4)c3c2)o1,208908.0,CS(=O)(=O)CCNCc1ccc(-c2ccc3ncnc(Nc4ccc(OCc5cccc(F)c5)c(Cl)c4)c3c2)o1
126565.0,C[C@]12O[C@H](C[C@]1(O)CO)n1c3ccccc3c3c4c(c5c6ccccc6n2c5c31)CNC4=O,C[C@]12O[C@H](C[C@]1(O)CO)n1c3ccccc3c3c4c(c5c6ccccc6n2c5c31)CNC4=O,126565.0,C[C@]12O[C@H](C[C@]1(O)CO)n1c3ccccc3c3c4c(c5c6ccccc6n2c5c31)CNC4=O
71562245.0,[N-]=[N+]=NCCCO[C@@H]1O[C@H](CO)[C@@H](O[C@@H]2O[C@H](CO)[C@H](O)[C@H](OCc3ccc(Oc4ccccc4)cc3)[C@H]2O)[C@H](O)[C@H]1N1C(=O)c2ccccc2C1=O,[N-]=[N+]=NCCCO[C@@H]1O[C@H](CO)[C@@H](O[C@@H]2O[C@H](CO)[C@H](O)[C@H](OCc3ccc(Oc4ccccc4)cc3)[C@H]2O)[C@H](O)[C@H]1N1C(=O)c2ccccc2C1=O,71562245.0,[N-]=[N+]=NCCCO[C@@H]1O[C@H](CO)[C@@H](O[C@@H]2O[C@H](CO)[C@H](O)[C@H](OCc3ccc(Oc4ccccc4)cc3)[C@H]2O)[C@H](O)[C@H]1N1C(=O)c2ccccc2C1=O
10184653.0,CN(C)C/C=C/C(=O)Nc1cc2c(Nc3ccc(F)c(Cl)c3)ncnc2cc1O[C@H]1CCOC1,CN(C)C/C=C/C(=O)Nc1cc2c(Nc3ccc(F)c(Cl)c3)ncnc2cc1O[C@H]1CCOC1,10184653.0,CN(C)C/C=C/C(=O)Nc1cc2c(Nc3ccc(F)c(Cl)c3)ncnc2cc1O[C@H]1CCOC1
117927179.0,COc1n[nH]c2ncc(-c3ccc(CC(=O)Nc4cc(C(C)(C)C(F)(F)F)on4)c(F)c3)cc12,COc1n[nH]c2ncc(-c3ccc(CC(=O)Nc4cc(C(C)(C)C(F)(F)F)on4)c(F)c3)cc12,117927179.0,COc1n[nH]c2ncc(-c3ccc(CC(=O)Nc4cc(C(C)(C)C(F)(F)F)on4)c(F)c3)cc12
13499387.0,CNC(=N)NCCCc1cnc[nH]1,CNC(=N)NCCCc1cnc[nH]1,13499387.0,CNC(=N)NCCCc1cnc[nH]1
10427712.0,Nc1nc(N)c2nc(-c3cccc(O)c3)c(-c3cccc(O)c3)nc2n1,Nc1nc(N)c2nc(-c3cccc(O)c3)c(-c3cccc(O)c3)nc2n1,10427712.0,Nc1nc(N)c2nc(-c3cccc(O)c3)c(-c3cccc(O)c3)nc2n1
16737618.0,CC[C@H](C)[C@@H]1NC(=O)[C@H](Cc2ccc(O)cc2)NC(=O)CCSSC[C@@H](C(=O)N2Cc3ccccc3C[C@@H]2C(=O)N[C@@H](CC(C)C)C(=O)NCC(N)=O)NC(=O)[C@H](CC(N)=O)NC(=O)[C@H](CCC(N)=O)NC1=O,CC[C@H](C)[C@@H]1NC(=O)[C@H](Cc2ccc(O)cc2)NC(=O)CCSSC[C@@H](C(=O)N2Cc3ccccc3C[C@@H]2C(=O)N[C@@H](CC(C)C)C(=O)NCC(N)=O)NC(=O)[C@H](CC(N)=O)NC(=O)[C@H](CCC(N)=O)NC1=O,16737618.0,CC[C@H](C)[C@@H]1NC(=O)[C@H](Cc2ccc(O)cc2)NC(=O)CCSSC[C@@H](C(=O)N2Cc3ccccc3C[C@@H]2C(=O)N[C@@H](CC(C)C)C(=O)NCC(N)=O)NC(=O)[C@H](CC(N)=O)NC(=O)[C@H](CCC(N)=O)NC1=O
3025986.0,CC(C)(C)c1cnc(CSc2cnc(NC(=O)C3CCNCC3)s2)o1,CC(C)(C)c1cnc(CSc2cnc(NC(=O)C3CCNCC3)s2)o1,3025986.0,CC(C)(C)c1cnc(CSc2cnc(NC(=O)C3CCNCC3)s2)o1
2766290.0,Cc1ccc(S(=O)(=O)c2cc(C)nc(N)n2)cc1,Cc1ccc(S(=O)(=O)c2cc(C)nc(N)n2)cc1,2766290.0,Cc1ccc(S(=O)(=O)c2cc(C)nc(N)n2)cc1
160355.0,CC[C@H](CO)Nc1nc(NCc2ccccc2)c2ncn(C(C)C)c2n1,CC[C@H](CO)Nc1nc(NCc2ccccc2)c2ncn(C(C)C)c2n1,160355.0,CC[C@H](CO)Nc1nc(NCc2ccccc2)c2ncn(C(C)C)c2n1
10461815.0,Cc1[nH]c(/C=C2\C(=O)Nc3ccc(S(=O)(=O)Cc4c(Cl)cccc4Cl)cc32)c(C)c1C(=O)N1CCC[C@@H]1CN1CCCC1,Cc1[nH]c(/C=C2\C(=O)Nc3ccc(S(=O)(=O)Cc4c(Cl)cccc4Cl)cc32)c(C)c1C(=O)N1CCC[C@@H]1CN1CCCC1,10461815.0,Cc1[nH]c(/C=C2\C(=O)Nc3ccc(S(=O)(=O)Cc4c(Cl)cccc4Cl)cc32)c(C)c1C(=O)N1CCC[C@@H]1CN1CCCC1
11314340.0,Cc1n[nH]c2ccc(-c3cncc(OC[C@@H](N)Cc4ccccc4)c3)cc12,Cc1n[nH]c2ccc(-c3cncc(OC[C@@H](N)Cc4ccccc4)c3)cc12,11314340.0,Cc1n[nH]c2ccc(-c3cncc(OC[C@@H](N)Cc4ccccc4)c3)cc12
127049181.0,COC(=O)c1c(O)cc(O)c(Cl)c1CCc1nccn1Cc1oc(C)cc1C,COC(=O)c1c(O)cc(O)c(Cl)c1CCc1nccn1Cc1oc(C)cc1C,127049181.0,COC(=O)c1c(O)cc(O)c(Cl)c1CCc1nccn1Cc1oc(C)cc1C
121426392.0,Cc1nc2c(C(=O)O)cc(N3CCOC(C)C3)nn2c1Cc1cccc(C(F)(F)F)c1C,Cc1nc2c(C(=O)O)cc(N3CCOC(C)C3)nn2c1Cc1cccc(C(F)(F)F)c1C,121426392.0,Cc1nc2c(C(=O)O)cc(N3CCOC(C)C3)nn2c1Cc1cccc(C(F)(F)F)c1C
11485656.0,Cc1ccc(F)c(NC(=O)Nc2ccc(-c3cccc4[nH]nc(N)c34)cc2)c1,Cc1ccc(F)c(NC(=O)Nc2ccc(-c3cccc4[nH]nc(N)c34)cc2)c1,11485656.0,Cc1ccc(F)c(NC(=O)Nc2ccc(-c3cccc4[nH]nc(N)c34)cc2)c1
17755052.0,CS(=O)(=O)N1CCN(Cc2cc3nc(-c4cccc5[nH]ncc45)nc(N4CCOCC4)c3s2)CC1,CS(=O)(=O)N1CCN(Cc2cc3nc(-c4cccc5[nH]ncc45)nc(N4CCOCC4)c3s2)CC1,17755052.0,CS(=O)(=O)N1CCN(Cc2cc3nc(-c4cccc5[nH]ncc45)nc(N4CCOCC4)c3s2)CC1
90488984.0,CCC(=O)N1CCOc2c(cc(-c3ccc(OC)c(OC)c3)cc2OC[C@H]2CCCN(C)C2)C1,CCC(=O)N1CCOc2c(cc(-c3ccc(OC)c(OC)c3)cc2OC[C@H]2CCCN(C)C2)C1,90488984.0,CCC(=O)N1CCOc2c(cc(-c3ccc(OC)c(OC)c3)cc2OC[C@H]2CCCN(C)C2)C1
25182616.0,CNC(=O)c1c(F)cccc1Nc1nc(Nc2cc3c(cc2OC)CCN3C(=O)CN(C)C)nc2[nH]ccc12,CNC(=O)c1c(F)cccc1Nc1nc(Nc2cc3c(cc2OC)CCN3C(=O)CN(C)C)nc2[nH]ccc12,25182616.0,CNC(=O)c1c(F)cccc1Nc1nc(Nc2cc3c(cc2OC)CCN3C(=O)CN(C)C)nc2[nH]ccc12
135351026.0,CC1CCc2nnc(-c3cccc(N4Cc5ccccc5C4=O)n3)n21,CC1CCc2nnc(-c3cccc(N4Cc5ccccc5C4=O)n3)n21,135351026.0,CC1CCc2nnc(-c3cccc(N4Cc5ccccc5C4=O)n3)n21
23618794.0,C[C@@H]1C[C@H]2C[C@@H](O)CC[C@]2(C)[C@H]2CC[C@]3(C)[C@@H](O)CC[C@H]3[C@@H]21,C[C@@H]1C[C@H]2C[C@@H](O)CC[C@]2(C)[C@H]2CC[C@]3(C)[C@@H](O)CC[C@H]3[C@@H]21,23618794.0,C[C@@H]1C[C@H]2C[C@@H](O)CC[C@]2(C)[C@H]2CC[C@]3(C)[C@@H](O)CC[C@H]3[C@@H]21
44259.0,CN[C@@H]1C[C@H]2O[C@@](C)([C@@H]1OC)n1c3ccccc3c3c4c(c5c6ccccc6n2c5c31)C(=O)NC4,CN[C@@H]1C[C@H]2O[C@@](C)([C@@H]1OC)n1c3ccccc3c3c4c(c5c6ccccc6n2c5c31)C(=O)NC4,44259.0,CN[C@@H]1C[C@H]2O[C@@](C)([C@@H]1OC)n1c3ccccc3c3c4c(c5c6ccccc6n2c5c31)C(=O)NC4
9926791.0,C[C@@H]1CCN(C(=O)CC#N)C[C@@H]1N(C)c1ncnc2[nH]ccc12,C[C@@H]1CCN(C(=O)CC#N)C[C@@H]1N(C)c1ncnc2[nH]ccc12,9926791.0,C[C@@H]1CCN(C(=O)CC#N)C[C@@H]1N(C)c1ncnc2[nH]ccc12
4110026.0,CCCCc1nc2ccccc2n1Cc1ccc(-c2ccccc2C(=O)O)cc1,CCCCc1nc2ccccc2n1Cc1ccc(-c2ccccc2C(=O)O)cc1,4110026.0,CCCCc1nc2ccccc2n1Cc1ccc(-c2ccccc2C(=O)O)cc1
11626560.0,C[C@@H](Oc1cc(-c2cnn(C3CCNCC3)c2)cnc1N)c1c(Cl)ccc(F)c1Cl,C[C@@H](Oc1cc(-c2cnn(C3CCNCC3)c2)cnc1N)c1c(Cl)ccc(F)c1Cl,11626560.0,C[C@@H](Oc1cc(-c2cnn(C3CCNCC3)c2)cnc1N)c1c(Cl)ccc(F)c1Cl
176155.0,CS(=O)c1ccc(-c2nc(-c3ccncc3)c(-c3ccc(F)cc3)[nH]2)cc1,CS(=O)c1ccc(-c2nc(-c3ccncc3)c(-c3ccc(F)cc3)[nH]2)cc1,176155.0,CS(=O)c1ccc(-c2nc(-c3ccncc3)c(-c3ccc(F)cc3)[nH]2)cc1
49867076.0,CCS(=O)(=O)Nc1ccc2c(c1)C(C(=Nc1ccc(CN3CCCCC3)cc1)c1ccccc1)C(=O)N2,CCS(=O)(=O)Nc1ccc2c(c1)C(C(=Nc1ccc(CN3CCCCC3)cc1)c1ccccc1)C(=O)N2,49867076.0,CCS(=O)(=O)Nc1ccc2c(c1)C(C(=Nc1ccc(CN3CCCCC3)cc1)c1ccccc1)C(=O)N2
3702659.0,O=C([O-])CCCc1c[nH]c2ccccc12,O=C([O-])CCCc1c[nH]c2ccccc12,3702659.0,O=C([O-])CCCc1c[nH]c2ccccc12
121426223.0,Cc1nc2c(N)cc(N3CCOCC3)nn2c1Nc1cccc(C(F)(F)F)c1CNC(C)CO,Cc1nc2c(N)cc(N3CCOCC3)nn2c1Nc1cccc(C(F)(F)F)c1CNC(C)CO,121426223.0,Cc1nc2c(N)cc(N3CCOCC3)nn2c1Nc1cccc(C(F)(F)F)c1CNC(C)CO
44588220.0,NC(=O)c1ccc(Nc2cc(-c3ccc(F)cc3)n[nH]2)cc1,NC(=O)c1ccc(Nc2cc(-c3ccc(F)cc3)n[nH]2)cc1,44588220.0,NC(=O)c1ccc(Nc2cc(-c3ccc(F)cc3)n[nH]2)cc1
13785076.0,CC1(C)O[C@H]2[C@@H]3OC4(CCCCC4)O[C@@H]3CO[C@@]2(COS(N)(=O)=O)O1,CC1(C)O[C@H]2[C@@H]3OC4(CCCCC4)O[C@@H]3CO[C@@]2(COS(N)(=O)=O)O1,13785076.0,CC1(C)O[C@H]2[C@@H]3OC4(CCCCC4)O[C@@H]3CO[C@@]2(COS(N)(=O)=O)O1
11656518.0,Cn1c(Nc2ccc(C(F)(F)F)cc2)nc2cc(Oc3ccnc(-c4ncc(C(F)(F)F)[nH]4)c3)ccc21,Cn1c(Nc2ccc(C(F)(F)F)cc2)nc2cc(Oc3ccnc(-c4ncc(C(F)(F)F)[nH]4)c3)ccc21,11656518.0,Cn1c(Nc2ccc(C(F)(F)F)cc2)nc2cc(Oc3ccnc(-c4ncc(C(F)(F)F)[nH]4)c3)ccc21
25126798.0,N#CC[C@H](C1CCCC1)n1cc(-c2ncnc3[nH]ccc23)cn1,N#CC[C@H](C1CCCC1)n1cc(-c2ncnc3[nH]ccc23)cn1,25126798.0,N#CC[C@H](C1CCCC1)n1cc(-c2ncnc3[nH]ccc23)cn1
90654997.0,CC(=O)N[C@@H](CC(N)=O)C(=O)N[C@@H](Cc1ccccc1)C(=O)N[C@H](C(=O)N[C@@H](C)C(=O)N[C@@H](CC(=O)O)C(=O)N[C@@H](CC(=O)O)C(=O)N[C@@H](CC(C)C)C(=O)N[C@@H](CCC(=O)O)C(=O)N[C@@H](CCC(=O)O)C(=O)N[C@@H](Cc1c[nH]c2ccccc12)C(=O)N[C@@H](Cc1ccccc1)C(=O)N[C@@H](C)C(=O)N[C@@H](CC(C)C)C(=O)N[C@@H](C)C(=O)N[C@@H](CO)C(N)=O)[C@@H](C)O,CC(=O)N[C@@H](CC(N)=O)C(=O)N[C@@H](Cc1ccccc1)C(=O)N[C@H](C(=O)N[C@@H](C)C(=O)N[C@@H](CC(=O)O)C(=O)N[C@@H](CC(=O)O)C(=O)N[C@@H](CC(C)C)C(=O)N[C@@H](CCC(=O)O)C(=O)N[C@@H](CCC(=O)O)C(=O)N[C@@H](Cc1c[nH]c2ccccc12)C(=O)N[C@@H](Cc1ccccc1)C(=O)N[C@@H](C)C(=O)N[C@@H](CC(C)C)C(=O)N[C@@H](C)C(=O)N[C@@H](CO)C(N)=O)[C@@H](C)O,90654997.0,CC(=O)N[C@@H](CC(N)=O)C(=O)N[C@@H](Cc1ccccc1)C(=O)N[C@H](C(=O)N[C@@H](C)C(=O)N[C@@H](CC(=O)O)C(=O)N[C@@H](CC(=O)O)C(=O)N[C@@H](CC(C)C)C(=O)N[C@@H](CCC(=O)O)C(=O)N[C@@H](CCC(=O)O)C(=O)N[C@@H](Cc1c[nH]c2ccccc12)C(=O)N[C@@H](Cc1ccccc1)C(=O)N[C@@H](C)C(=O)N[C@@H](CC(C)C)C(=O)N[C@@H](C)C(=O)N[C@@H](CO)C(N)=O)[C@@H](C)O
11712649.0,O=C(O)c1ccc(Nc2ncc3c(n2)-c2ccc(Cl)cc2C(c2c(F)cccc2F)=NC3)cc1,O=C(O)c1ccc(Nc2ncc3c(n2)-c2ccc(Cl)cc2C(c2c(F)cccc2F)=NC3)cc1,11712649.0,O=C(O)c1ccc(Nc2ncc3c(n2)-c2ccc(Cl)cc2C(c2c(F)cccc2F)=NC3)cc1
9884280.0,Cc1cc2c(cc1Oc1ccc(C(=O)O)cc1)C(C)(C)CCC2(C)C,Cc1cc2c(cc1Oc1ccc(C(=O)O)cc1)C(C)(C)CCC2(C)C,9884280.0,Cc1cc2c(cc1Oc1ccc(C(=O)O)cc1)C(C)(C)CCC2(C)C
156414.0,C=CC(=O)Nc1cc2c(Nc3ccc(F)c(Cl)c3)ncnc2cc1OCCCN1CCOCC1,C=CC(=O)Nc1cc2c(Nc3ccc(F)c(Cl)c3)ncnc2cc1OCCCN1CCOCC1,156414.0,C=CC(=O)Nc1cc2c(Nc3ccc(F)c(Cl)c3)ncnc2cc1OCCCN1CCOCC1
137652408.0,Cc1ccc([C@@H]2CN(C(=O)[C@@H]3CCC[C@@H](N)C3)C[C@H]2c2ccc(C#N)cc2)cc1,Cc1ccc([C@@H]2CN(C(=O)[C@@H]3CCC[C@@H](N)C3)C[C@H]2c2ccc(C#N)cc2)cc1,137652408.0,Cc1ccc([C@@H]2CN(C(=O)[C@@H]3CCC[C@@H](N)C3)C[C@H]2c2ccc(C#N)cc2)cc1
91934090.0,O=S(=O)([O-])OC[C@H]1O[C@H](O[C@@H]2[C@H](OS(=O)(=O)[O-])[C@@H](O[C@@H]3[C@H](OS(=O)(=O)[O-])[C@@H](O[C@@H]4[C@@H](OCc5ccccc5)O[C@H](COS(=O)(=O)[O-])[C@@H](OS(=O)(=O)[O-])[C@@H]4OS(=O)(=O)[O-])O[C@H](COS(=O)(=O)[O-])[C@H]3OS(=O)(=O)[O-])O[C@H](COS(=O)(=O)[O-])[C@H]2OS(=O)(=O)[O-])[C@@H](OS(=O)(=O)[O-])[C@@H](O[C@H]2O[C@H](COS(=O)(=O)[O-])[C@@H](OS(=O)(=O)[O-])[C@H](OS(=O)(=O)[O-])[C@@H]2OS(=O)(=O)[O-])[C@@H]1OS(=O)(=O)[O-],O=S(=O)([O-])OC[C@H]1O[C@H](O[C@@H]2[C@H](OS(=O)(=O)[O-])[C@@H](O[C@@H]3[C@H](OS(=O)(=O)[O-])[C@@H](O[C@@H]4[C@@H](OCc5ccccc5)O[C@H](COS(=O)(=O)[O-])[C@@H](OS(=O)(=O)[O-])[C@@H]4OS(=O)(=O)[O-])O[C@H](COS(=O)(=O)[O-])[C@H]3OS(=O)(=O)[O-])O[C@H](COS(=O)(=O)[O-])[C@H]2OS(=O)(=O)[O-])[C@@H](OS(=O)(=O)[O-])[C@@H](O[C@H]2O[C@H](COS(=O)(=O)[O-])[C@@H](OS(=O)(=O)[O-])[C@H](OS(=O)(=O)[O-])[C@@H]2OS(=O)(=O)[O-])[C@@H]1OS(=O)(=O)[O-],91934090.0,O=S(=O)([O-])OC[C@H]1O[C@H](O[C@@H]2[C@H](OS(=O)(=O)[O-])[C@@H](O[C@@H]3[C@H](OS(=O)(=O)[O-])[C@@H](O[C@@H]4[C@@H](OCc5ccccc5)O[C@H](COS(=O)(=O)[O-])[C@@H](OS(=O)(=O)[O-])[C@@H]4OS(=O)(=O)[O-])O[C@H](COS(=O)(=O)[O-])[C@H]3OS(=O)(=O)[O-])O[C@H](COS(=O)(=O)[O-])[C@H]2OS(=O)(=O)[O-])[C@@H](OS(=O)(=O)[O-])[C@@H](O[C@H]2O[C@H](COS(=O)(=O)[O-])[C@@H](OS(=O)(=O)[O-])[C@H](OS(=O)(=O)[O-])[C@@H]2OS(=O)(=O)[O-])[C@@H]1OS(=O)(=O)[O-]
6445562.0,CCOc1cc2ncc(C#N)c(Nc3ccc(F)c(Cl)c3)c2cc1NC(=O)/C=C/CN(C)C,CCOc1cc2ncc(C#N)c(Nc3ccc(F)c(Cl)c3)c2cc1NC(=O)/C=C/CN(C)C,6445562.0,CCOc1cc2ncc(C#N)c(Nc3ccc(F)c(Cl)c3)c2cc1NC(=O)/C=C/CN(C)C
11652651.0,COC(=O)c1cn([C@@H]2[C@@H](O)[C@H](SC)O[C@H](CO)[C@@H]2O)nn1,COC(=O)c1cn([C@@H]2[C@@H](O)[C@H](SC)O[C@H](CO)[C@@H]2O)nn1,11652651.0,COC(=O)c1cn([C@@H]2[C@@H](O)[C@H](SC)O[C@H](CO)[C@@H]2O)nn1
10113978.0,Cc1ccc(Nc2nccc(N(C)c3ccc4c(C)n(C)nc4c3)n2)cc1S(N)(=O)=O,Cc1ccc(Nc2nccc(N(C)c3ccc4c(C)n(C)nc4c3)n2)cc1S(N)(=O)=O,10113978.0,Cc1ccc(Nc2nccc(N(C)c3ccc4c(C)n(C)nc4c3)n2)cc1S(N)(=O)=O
25190788.0,NCCCC[C@@H](NC(=O)CCCCCNC(=O)[C@H]1O[C@@H](n2cnc3c(N)ncnc32)[C@H](O)[C@@H]1O)C(=O)NCCCCCC(=O)N[C@@H](CCCN=C(N)N)C(=O)N[C@@H](CCCN=C(N)N)C(N)=O,NCCCC[C@@H](NC(=O)CCCCCNC(=O)[C@H]1O[C@@H](n2cnc3c(N)ncnc32)[C@H](O)[C@@H]1O)C(=O)NCCCCCC(=O)N[C@@H](CCCN=C(N)N)C(=O)N[C@@H](CCCN=C(N)N)C(N)=O,25190788.0,NCCCC[C@@H](NC(=O)CCCCCNC(=O)[C@H]1O[C@@H](n2cnc3c(N)ncnc32)[C@H](O)[C@@H]1O)C(=O)NCCCCCC(=O)N[C@@H](CCCN=C(N)N)C(=O)N[C@@H](CCCN=C(N)N)C(N)=O
53320602.0,CCOc1nc2ccccc2nc1C(=O)Nc1ccc(N(CC)CC)cc1,CCOc1nc2ccccc2nc1C(=O)Nc1ccc(N(CC)CC)cc1,53320602.0,CCOc1nc2ccccc2nc1C(=O)Nc1ccc(N(CC)CC)cc1
123686.0,N#Cc1ccccc1OCC(O)CNCCNC(=O)Nc1ccccc1,N#Cc1ccccc1OCC(O)CNCCNC(=O)Nc1ccccc1,123686.0,N#Cc1ccccc1OCC(O)CNCCNC(=O)Nc1ccccc1
118022629.0,CCOc1c(OC)nc2ccc(C(O)(c3ccc(Cl)cc3)c3cncn3C)cc2c1Cl,CCOc1c(OC)nc2ccc(C(O)(c3ccc(Cl)cc3)c3cncn3C)cc2c1Cl,118022629.0,CCOc1c(OC)nc2ccc(C(O)(c3ccc(Cl)cc3)c3cncn3C)cc2c1Cl
71519482.0,O=C(NS(=O)(=O)c1ccc(Cl)cc1)c1cccc(Cc2cc(Cl)ccc2OCc2ccc(Cl)cc2F)n1,O=C(NS(=O)(=O)c1ccc(Cl)cc1)c1cccc(Cc2cc(Cl)ccc2OCc2ccc(Cl)cc2F)n1,71519482.0,O=C(NS(=O)(=O)c1ccc(Cl)cc1)c1cccc(Cc2cc(Cl)ccc2OCc2ccc(Cl)cc2F)n1
71567380.0,O=C(O)CCCOc1ccccc1-c1cc(-c2ccccc2)n(-c2ccc(Br)cc2)n1,O=C(O)CCCOc1ccccc1-c1cc(-c2ccccc2)n(-c2ccc(Br)cc2)n1,71567380.0,O=C(O)CCCOc1ccccc1-c1cc(-c2ccccc2)n(-c2ccc(Br)cc2)n1
9933475.0,COc1cc2c(Oc3ccc4[nH]c(C)cc4c3F)ncnc2cc1OCCCN1CCCC1,COc1cc2c(Oc3ccc4[nH]c(C)cc4c3F)ncnc2cc1OCCCN1CCCC1,9933475.0,COc1cc2c(Oc3ccc4[nH]c(C)cc4c3F)ncnc2cc1OCCCN1CCCC1
16007391.0,CCN(CCO)CCCOc1ccc2c(Nc3cc(CC(=O)Nc4cccc(F)c4)n[nH]3)ncnc2c1,CCN(CCO)CCCOc1ccc2c(Nc3cc(CC(=O)Nc4cccc(F)c4)n[nH]3)ncnc2c1,16007391.0,CCN(CCO)CCCOc1ccc2c(Nc3cc(CC(=O)Nc4cccc(F)c4)n[nH]3)ncnc2c1
11338033.0,O=C(NC1CCNCC1)c1[nH]ncc1NC(=O)c1c(Cl)cccc1Cl,O=C(NC1CCNCC1)c1[nH]ncc1NC(=O)c1c(Cl)cccc1Cl,11338033.0,O=C(NC1CCNCC1)c1[nH]ncc1NC(=O)c1c(Cl)cccc1Cl
71562355.0,[N-]=[N+]=NCCCO[C@@H]1O[C@H](CO)[C@@H](O[C@@H]2O[C@H](CO)[C@H](O)[C@H](n3cc(-c4ccc(Oc5ccccc5)cc4)nn3)[C@H]2O)[C@H](O)[C@H]1NC(=O)c1ccccc1,[N-]=[N+]=NCCCO[C@@H]1O[C@H](CO)[C@@H](O[C@@H]2O[C@H](CO)[C@H](O)[C@H](n3cc(-c4ccc(Oc5ccccc5)cc4)nn3)[C@H]2O)[C@H](O)[C@H]1NC(=O)c1ccccc1,71562355.0,[N-]=[N+]=NCCCO[C@@H]1O[C@H](CO)[C@@H](O[C@@H]2O[C@H](CO)[C@H](O)[C@H](n3cc(-c4ccc(Oc5ccccc5)cc4)nn3)[C@H]2O)[C@H](O)[C@H]1NC(=O)c1ccccc1
10847951.0,NC(=O)c1ccc(OCCCc2cnc[nH]2)cc1,NC(=O)c1ccc(OCCCc2cnc[nH]2)cc1,10847951.0,NC(=O)c1ccc(OCCCc2cnc[nH]2)cc1
5353940.0,Oc1ccc(-c2nc(-c3ccncc3)c(-c3ccc(F)cc3)[nH]2)cc1,Oc1ccc(-c2nc(-c3ccncc3)c(-c3ccc(F)cc3)[nH]2)cc1,5353940.0,Oc1ccc(-c2nc(-c3ccncc3)c(-c3ccc(F)cc3)[nH]2)cc1
12900878.0,COC[C@H]1O[C@@H](OC)[C@H](OC)[C@@H](OC)[C@H]1OC,COC[C@H]1O[C@@H](OC)[C@H](OC)[C@@H](OC)[C@H]1OC,12900878.0,COC[C@H]1O[C@@H](OC)[C@H](OC)[C@@H](OC)[C@H]1OC
127052284.0,CCc1ccccc1Cn1ccnc1CCc1c(Cl)c(O)cc(O)c1C(=O)OC,CCc1ccccc1Cn1ccnc1CCc1c(Cl)c(O)cc(O)c1C(=O)OC,127052284.0,CCc1ccccc1Cn1ccnc1CCc1c(Cl)c(O)cc(O)c1C(=O)OC
91930818.0,O=C(CF)N[C@@H]1[C@@H](O)C[C@](OCc2cccc(F)c2F)(C(=O)[O-])O[C@H]1[C@H](O)[C@H](O)CNC(=O)c1ccccc1,O=C(CF)N[C@@H]1[C@@H](O)C[C@](OCc2cccc(F)c2F)(C(=O)[O-])O[C@H]1[C@H](O)[C@H](O)CNC(=O)c1ccccc1,91930818.0,O=C(CF)N[C@@H]1[C@@H](O)C[C@](OCc2cccc(F)c2F)(C(=O)[O-])O[C@H]1[C@H](O)[C@H](O)CNC(=O)c1ccccc1
6450551.0,CNC(=O)c1ccccc1Sc1ccc2c(/C=C/c3ccccn3)n[nH]c2c1,CNC(=O)c1ccccc1Sc1ccc2c(/C=C/c3ccccn3)n[nH]c2c1,6450551.0,CNC(=O)c1ccccc1Sc1ccc2c(/C=C/c3ccccn3)n[nH]c2c1
11299678.0,O=C(O)c1cc(CCc2ccc(Cl)cc2)c[nH]1,O=C(O)c1cc(CCc2ccc(Cl)cc2)c[nH]1,11299678.0,O=C(O)c1cc(CCc2ccc(Cl)cc2)c[nH]1
735392.0,CC(=O)Nc1ccc(S(=O)(=O)Nc2ccc(C#N)cc2)cc1,CC(=O)Nc1ccc(S(=O)(=O)Nc2ccc(C#N)cc2)cc1,735392.0,CC(=O)Nc1ccc(S(=O)(=O)Nc2ccc(C#N)cc2)cc1
44441898.0,COc1cccc2c1C[C@H]1C[C@@H](C(=O)N3CCN(c4ccc(C#N)cc4)CC3)CN(C)[C@@H]1C2,COc1cccc2c1C[C@H]1C[C@@H](C(=O)N3CCN(c4ccc(C#N)cc4)CC3)CN(C)[C@@H]1C2,44441898.0,COc1cccc2c1C[C@H]1C[C@@H](C(=O)N3CCN(c4ccc(C#N)cc4)CC3)CN(C)[C@@H]1C2
66562796.0,COC(=O)c1c(O)cc(O)c(Cl)c1CCc1nccn1Cc1cncnc1,COC(=O)c1c(O)cc(O)c(Cl)c1CCc1nccn1Cc1cncnc1,66562796.0,COC(=O)c1c(O)cc(O)c(Cl)c1CCc1nccn1Cc1cncnc1
10896702.0,CC(C)(C)c1cc(NC(=O)Nc2ccc(OCCN3CCOCC3)c3ccccc23)n(-c2cccc(N)c2)n1,CC(C)(C)c1cc(NC(=O)Nc2ccc(OCCN3CCOCC3)c3ccccc23)n(-c2cccc(N)c2)n1,10896702.0,CC(C)(C)c1cc(NC(=O)Nc2ccc(OCCN3CCOCC3)c3ccccc23)n(-c2cccc(N)c2)n1
127049200.0,C=Cc1ccsc1Cn1ccnc1CCc1c(Cl)c(O)cc(O)c1C(=O)OC,C=Cc1ccsc1Cn1ccnc1CCc1c(Cl)c(O)cc(O)c1C(=O)OC,127049200.0,C=Cc1ccsc1Cn1ccnc1CCc1c(Cl)c(O)cc(O)c1C(=O)OC
3038522.0,COc1cc2c(N3CCN(C(=O)Nc4ccc(OC(C)C)cc4)CC3)ncnc2cc1OCCCN1CCCCC1,COc1cc2c(N3CCN(C(=O)Nc4ccc(OC(C)C)cc4)CC3)ncnc2cc1OCCCN1CCCCC1,3038522.0,COc1cc2c(N3CCN(C(=O)Nc4ccc(OC(C)C)cc4)CC3)ncnc2cc1OCCCN1CCCCC1
176870.0,C#Cc1cccc(Nc2ncnc3cc(OCCOC)c(OCCOC)cc23)c1,C#Cc1cccc(Nc2ncnc3cc(OCCOC)c(OCCOC)cc23)c1,176870.0,C#Cc1cccc(Nc2ncnc3cc(OCCOC)c(OCCOC)cc23)c1
5462471.0,C[C@@H](NC(=O)[C@@H](N)Cc1ccc(O)cc1)C(=O)NCC(=O)N(C)[C@@H](Cc1ccccc1)C(=O)NCCO,C[C@@H](NC(=O)[C@@H](N)Cc1ccc(O)cc1)C(=O)NCC(=O)N(C)[C@@H](Cc1ccccc1)C(=O)NCCO,5462471.0,C[C@@H](NC(=O)[C@@H](N)Cc1ccc(O)cc1)C(=O)NCC(=O)N(C)[C@@H](Cc1ccccc1)C(=O)NCCO
91898352.0,C=CC(=O)Nc1cccc(CN2C(=O)N(c3c(Cl)c(OC)cc(OC)c3Cl)Cc3cnc(NCCCCNCC)nc32)c1,C=CC(=O)Nc1cccc(CN2C(=O)N(c3c(Cl)c(OC)cc(OC)c3Cl)Cc3cnc(NCCCCNCC)nc32)c1,91898352.0,C=CC(=O)Nc1cccc(CN2C(=O)N(c3c(Cl)c(OC)cc(OC)c3Cl)Cc3cnc(NCCCCNCC)nc32)c1
136059008.0,Cc1[nH]nc2c1C(c1ccc(Cl)s1)C1=C(CC(C)(C)CC1=O)N2,Cc1[nH]nc2c1C(c1ccc(Cl)s1)C1=C(CC(C)(C)CC1=O)N2,136059008.0,Cc1[nH]nc2c1C(c1ccc(Cl)s1)C1=C(CC(C)(C)CC1=O)N2
9886808.0,CN1CCN(c2ccc3nc(-c4c(N)c5c(F)cccc5[nH]c4=O)[nH]c3c2)CC1,CN1CCN(c2ccc3nc(-c4c(N)c5c(F)cccc5[nH]c4=O)[nH]c3c2)CC1,9886808.0,CN1CCN(c2ccc3nc(-c4c(N)c5c(F)cccc5[nH]c4=O)[nH]c3c2)CC1
118707034.0,CC(C)C[C@H](NC(=O)[C@@H](CC(C)C)NC(=O)[C@H](Cc1ccccc1)NC(=O)OC(C)(C)C)C(=O)N[C@H](CC(C)C)C(=O)N[C@@H](Cc1ccccc1)C(=O)O,CC(C)C[C@H](NC(=O)[C@@H](CC(C)C)NC(=O)[C@H](Cc1ccccc1)NC(=O)OC(C)(C)C)C(=O)N[C@H](CC(C)C)C(=O)N[C@@H](Cc1ccccc1)C(=O)O,118707034.0,CC(C)C[C@H](NC(=O)[C@@H](CC(C)C)NC(=O)[C@H](Cc1ccccc1)NC(=O)OC(C)(C)C)C(=O)N[C@H](CC(C)C)C(=O)N[C@@H](Cc1ccccc1)C(=O)O
15098733.0,C=C[C@@]1(C)CC(=O)[C@@]2(O)[C@](C)(O1)[C@@H](OC(=O)NCCc1ccc(O)cc1)[C@@H](O)[C@H]1C(C)(C)CC[C@H](O)[C@@]12C,C=C[C@@]1(C)CC(=O)[C@@]2(O)[C@](C)(O1)[C@@H](OC(=O)NCCc1ccc(O)cc1)[C@@H](O)[C@H]1C(C)(C)CC[C@H](O)[C@@]12C,15098733.0,C=C[C@@]1(C)CC(=O)[C@@]2(O)[C@](C)(O1)[C@@H](OC(=O)NCCc1ccc(O)cc1)[C@@H](O)[C@H]1C(C)(C)CC[C@H](O)[C@@]12C
56598833.0,CCOCCOc1ccc(OCC(O)CNCCNC(=O)Nc2ccc(O)cc2)cc1,CCOCCOc1ccc(OCC(O)CNCCNC(=O)Nc2ccc(O)cc2)cc1,56598833.0,CCOCCOc1ccc(OCC(O)CNCCNC(=O)Nc2ccc(O)cc2)cc1
16038120.0,COc1cc(N2CCC(N3CCN(C)CC3)CC2)ccc1Nc1ncc(Cl)c(Nc2ccccc2S(=O)(=O)C(C)C)n1,COc1cc(N2CCC(N3CCN(C)CC3)CC2)ccc1Nc1ncc(Cl)c(Nc2ccccc2S(=O)(=O)C(C)C)n1,16038120.0,COc1cc(N2CCC(N3CCN(C)CC3)CC2)ccc1Nc1ncc(Cl)c(Nc2ccccc2S(=O)(=O)C(C)C)n1
137636534.0,O=C(/C=C/c1ccc(NCCCn2cc(-c3ncnc4[nH]ccc34)cn2)cc1)NO,O=C(/C=C/c1ccc(NCCCn2cc(-c3ncnc4[nH]ccc34)cn2)cc1)NO,137636534.0,O=C(/C=C/c1ccc(NCCCn2cc(-c3ncnc4[nH]ccc34)cn2)cc1)NO
118986981.0,CCOc1ccc(/C=C2\SC(=S)N(CCNc3nc(C)nc(Cl)n3)C2=O)cc1,CCOc1ccc(/C=C2\SC(=S)N(CCNc3nc(C)nc(Cl)n3)C2=O)cc1,118986981.0,CCOc1ccc(/C=C2\SC(=S)N(CCNc3nc(C)nc(Cl)n3)C2=O)cc1
53317546.0,CSCC[C@H](NC(=O)[C@@H](NC(=O)[C@H](CCCCN)NC(=O)[C@@H]1CSSC[C@H](NC(=O)[C@@H](NC(=O)[C@H](CC(=O)O)NC(=O)[C@H](Cc2ccccc2)NC(=O)COCC(=O)Nc2ccc(CCC(=O)N3CCC3=O)cc2)C(C)C)C(=O)N[C@@H](CCCCN)C(=O)N[C@@H](Cc2c[nH]c3ccccc23)C(=O)N[C@@H](C(C)C)C(=O)N[C@@H]([C@@H](C)O)C(=O)N[C@@H](CC(C)C)C(=O)N2CCC[C@H]2C(=O)N[C@@H](Cc2cnc[nH]2)C(=O)N1)C(C)C)C(N)=O,CSCC[C@H](NC(=O)[C@@H](NC(=O)[C@H](CCCCN)NC(=O)[C@@H]1CSSC[C@H](NC(=O)[C@@H](NC(=O)[C@H](CC(=O)O)NC(=O)[C@H](Cc2ccccc2)NC(=O)COCC(=O)Nc2ccc(CCC(=O)N3CCC3=O)cc2)C(C)C)C(=O)N[C@@H](CCCCN)C(=O)N[C@@H](Cc2c[nH]c3ccccc23)C(=O)N[C@@H](C(C)C)C(=O)N[C@@H]([C@@H](C)O)C(=O)N[C@@H](CC(C)C)C(=O)N2CCC[C@H]2C(=O)N[C@@H](Cc2cnc[nH]2)C(=O)N1)C(C)C)C(N)=O,53317546.0,CSCC[C@H](NC(=O)[C@@H](NC(=O)[C@H](CCCCN)NC(=O)[C@@H]1CSSC[C@H](NC(=O)[C@@H](NC(=O)[C@H](CC(=O)O)NC(=O)[C@H](Cc2ccccc2)NC(=O)COCC(=O)Nc2ccc(CCC(=O)N3CCC3=O)cc2)C(C)C)C(=O)N[C@@H](CCCCN)C(=O)N[C@@H](Cc2c[nH]c3ccccc23)C(=O)N[C@@H](C(C)C)C(=O)N[C@@H]([C@@H](C)O)C(=O)N[C@@H](CC(C)C)C(=O)N2CCC[C@H]2C(=O)N[C@@H](Cc2cnc[nH]2)C(=O)N1)C(C)C)C(N)=O
9863342.0,CC(/C=C/C1CC1(C)c1ccc2c(c1)C(C)(C)CCC2(C)C)=C\C(=O)O,CC(/C=C/C1CC1(C)c1ccc2c(c1)C(C)(C)CCC2(C)C)=C\C(=O)O,9863342.0,CC(/C=C/C1CC1(C)c1ccc2c(c1)C(C)(C)CCC2(C)C)=C\C(=O)O
121426234.0,Cc1nc2c(N)cc(N3CCOCC3)nn2c1Nc1cccc(C(F)(F)F)c1CN1CCC(O)C1,Cc1nc2c(N)cc(N3CCOCC3)nn2c1Nc1cccc(C(F)(F)F)c1CN1CCC(O)C1,121426234.0,Cc1nc2c(N)cc(N3CCOCC3)nn2c1Nc1cccc(C(F)(F)F)c1CN1CCC(O)C1
9869779.0,COc1cc(Oc2ccnc3cc(OC)c(OC)cc23)ccc1NC(=O)NC(C)c1nccs1,COc1cc(Oc2ccnc3cc(OC)c(OC)cc23)ccc1NC(=O)NC(C)c1nccs1,9869779.0,COc1cc(Oc2ccnc3cc(OC)c(OC)cc23)ccc1NC(=O)NC(C)c1nccs1
90655003.0,CC(=O)N[C@@H](CC(=O)O)C(=O)N[C@@H](Cc1ccccc1)C(=O)N[C@H](C(=O)N[C@@H](C)C(=O)N[C@@H](CC(=O)O)C(=O)N[C@@H](CC(=O)O)C(=O)N[C@@H](CC(C)C)C(=O)N[C@@H](CCC(=O)O)C(=O)N[C@@H](C)C(=O)N[C@@H](Cc1c[nH]c2ccccc12)C(=O)N[C@@H](Cc1ccccc1)C(=O)N[C@@H](C)C(=O)N[C@@H](CC(C)C)C(=O)N[C@@H](C)C(=O)N[C@@H](CO)C(N)=O)[C@@H](C)O,CC(=O)N[C@@H](CC(=O)O)C(=O)N[C@@H](Cc1ccccc1)C(=O)N[C@H](C(=O)N[C@@H](C)C(=O)N[C@@H](CC(=O)O)C(=O)N[C@@H](CC(=O)O)C(=O)N[C@@H](CC(C)C)C(=O)N[C@@H](CCC(=O)O)C(=O)N[C@@H](C)C(=O)N[C@@H](Cc1c[nH]c2ccccc12)C(=O)N[C@@H](Cc1ccccc1)C(=O)N[C@@H](C)C(=O)N[C@@H](CC(C)C)C(=O)N[C@@H](C)C(=O)N[C@@H](CO)C(N)=O)[C@@H](C)O,90655003.0,CC(=O)N[C@@H](CC(=O)O)C(=O)N[C@@H](Cc1ccccc1)C(=O)N[C@H](C(=O)N[C@@H](C)C(=O)N[C@@H](CC(=O)O)C(=O)N[C@@H](CC(=O)O)C(=O)N[C@@H](CC(C)C)C(=O)N[C@@H](CCC(=O)O)C(=O)N[C@@H](C)C(=O)N[C@@H](Cc1c[nH]c2ccccc12)C(=O)N[C@@H](Cc1ccccc1)C(=O)N[C@@H](C)C(=O)N[C@@H](CC(C)C)C(=O)N[C@@H](C)C(=O)N[C@@H](CO)C(N)=O)[C@@H](C)O
56656712.0,CC1CN(Cc2cccc(-c3cc(CNC(=O)c4cccc(CN5CCCN(C)CC5)c4)ccc3F)c2)CCN1,CC1CN(Cc2cccc(-c3cc(CNC(=O)c4cccc(CN5CCCN(C)CC5)c4)ccc3F)c2)CCN1,56656712.0,CC1CN(Cc2cccc(-c3cc(CNC(=O)c4cccc(CN5CCCN(C)CC5)c4)ccc3F)c2)CCN1
44327167.0,O=C1CC(CN2CCC(C(=O)c3ccc(F)cc3)CC2)Cc2sccc21,O=C1CC(CN2CCC(C(=O)c3ccc(F)cc3)CC2)Cc2sccc21,44327167.0,O=C1CC(CN2CCC(C(=O)c3ccc(F)cc3)CC2)Cc2sccc21
57336561.0,O=C(NO)C(F)(F)C(F)(F)C(F)(F)C(F)(F)C(F)(F)C(F)(F)C(=O)Nc1ccc(-c2ccccc2)cc1,O=C(NO)C(F)(F)C(F)(F)C(F)(F)C(F)(F)C(F)(F)C(F)(F)C(=O)Nc1ccc(-c2ccccc2)cc1,57336561.0,O=C(NO)C(F)(F)C(F)(F)C(F)(F)C(F)(F)C(F)(F)C(F)(F)C(=O)Nc1ccc(-c2ccccc2)cc1
5011.0,c1ccc2nc(N3CCNCC3)ccc2c1,c1ccc2nc(N3CCNCC3)ccc2c1,5011.0,c1ccc2nc(N3CCNCC3)ccc2c1
10450790.0,CC1(C)CCC(C)(C)c2cc(C(=O)c3ccc(C(=O)O)cc3)c(F)cc21,CC1(C)CCC(C)(C)c2cc(C(=O)c3ccc(C(=O)O)cc3)c(F)cc21,10450790.0,CC1(C)CCC(C)(C)c2cc(C(=O)c3ccc(C(=O)O)cc3)c(F)cc21
20888983.0,COc1ccc(N2CCN(C(=O)c3cc4c(s3)-c3ccccc3SC4)CC2)cc1,COc1ccc(N2CCN(C(=O)c3cc4c(s3)-c3ccccc3SC4)CC2)cc1,20888983.0,COc1ccc(N2CCN(C(=O)c3cc4c(s3)-c3ccccc3SC4)CC2)cc1
46879038.0,C=CCN(CC(=O)N[C@@H](CCC(=O)O)C(=O)N1CCC[C@H]1C(=O)N[C@H](C(=O)N[C@@H](C)C(=O)N1CCC[C@H]1C(=O)N1CCC[C@H]1C(=O)N[C@@H](CCC(=O)O)C(=O)N(CC=C)CC(N)=O)[C@@H](C)O)C(=O)CCCCNC(=S)Nc1ccc2c(c1)C1(OC2=O)c2ccc(O)cc2Oc2cc(O)ccc21,C=CCN(CC(=O)N[C@@H](CCC(=O)O)C(=O)N1CCC[C@H]1C(=O)N[C@H](C(=O)N[C@@H](C)C(=O)N1CCC[C@H]1C(=O)N1CCC[C@H]1C(=O)N[C@@H](CCC(=O)O)C(=O)N(CC=C)CC(N)=O)[C@@H](C)O)C(=O)CCCCNC(=S)Nc1ccc2c(c1)C1(OC2=O)c2ccc(O)cc2Oc2cc(O)ccc21,46879038.0,C=CCN(CC(=O)N[C@@H](CCC(=O)O)C(=O)N1CCC[C@H]1C(=O)N[C@H](C(=O)N[C@@H](C)C(=O)N1CCC[C@H]1C(=O)N1CCC[C@H]1C(=O)N[C@@H](CCC(=O)O)C(=O)N(CC=C)CC(N)=O)[C@@H](C)O)C(=O)CCCCNC(=S)Nc1ccc2c(c1)C1(OC2=O)c2ccc(O)cc2Oc2cc(O)ccc21
121424044.0,O=C(/C=C/N1CC2CC1CN2c1ccccn1)c1ccccc1O,O=C(/C=C/N1CC2CC1CN2c1ccccn1)c1ccccc1O,121424044.0,O=C(/C=C/N1CC2CC1CN2c1ccccn1)c1ccccc1O
5330790.0,Nc1nc(Nc2ccc(S(N)(=O)=O)cc2)nn1C(=O)c1c(F)cccc1F,Nc1nc(Nc2ccc(S(N)(=O)=O)cc2)nn1C(=O)c1c(F)cccc1F,5330790.0,Nc1nc(Nc2ccc(S(N)(=O)=O)cc2)nn1C(=O)c1c(F)cccc1F
57336572.0,O=C(NO)C(F)(F)C(F)(F)C(F)(F)C(F)(F)C(F)(F)C(F)(F)C(=O)Nc1cccc2cc3ccccc3cc12,O=C(NO)C(F)(F)C(F)(F)C(F)(F)C(F)(F)C(F)(F)C(F)(F)C(=O)Nc1cccc2cc3ccccc3cc12,57336572.0,O=C(NO)C(F)(F)C(F)(F)C(F)(F)C(F)(F)C(F)(F)C(F)(F)C(=O)Nc1cccc2cc3ccccc3cc12
16725726.0,CCn1c(-c2nonc2N)nc2c(C#CC(C)(C)O)ncc(OC[C@H]3CCCNC3)c21,CCn1c(-c2nonc2N)nc2c(C#CC(C)(C)O)ncc(OC[C@H]3CCCNC3)c21,16725726.0,CCn1c(-c2nonc2N)nc2c(C#CC(C)(C)O)ncc(OC[C@H]3CCCNC3)c21
126456388.0,COc1cc2ccc3c(c2cc1OC)C[C@H](N)[C@@H](c1cc(F)c(F)cc1F)O3,COc1cc2ccc3c(c2cc1OC)C[C@H](N)[C@@H](c1cc(F)c(F)cc1F)O3,126456388.0,COc1cc2ccc3c(c2cc1OC)C[C@H](N)[C@@H](c1cc(F)c(F)cc1F)O3
101043861.0,CCN(CC)CCCC[C@H](NC(=O)[C@H](CC(C)C)NC(=O)[C@H](C)NC(=O)[C@H](Cc1ccccc1)NC(=O)c1ccc(C(C)(C)C)cc1)C(=O)N[C@@H](CO)C(=O)OC,CCN(CC)CCCC[C@H](NC(=O)[C@H](CC(C)C)NC(=O)[C@H](C)NC(=O)[C@H](Cc1ccccc1)NC(=O)c1ccc(C(C)(C)C)cc1)C(=O)N[C@@H](CO)C(=O)OC,101043861.0,CCN(CC)CCCC[C@H](NC(=O)[C@H](CC(C)C)NC(=O)[C@H](C)NC(=O)[C@H](Cc1ccccc1)NC(=O)c1ccc(C(C)(C)C)cc1)C(=O)N[C@@H](CO)C(=O)OC
44380612.0,Clc1ccc(CNCCCCCCNCCCCCCCCNCCCCCCNCc2ccc(Cl)cc2)cc1,Clc1ccc(CNCCCCCCNCCCCCCCCNCCCCCCNCc2ccc(Cl)cc2)cc1,44380612.0,Clc1ccc(CNCCCCCCNCCCCCCCCNCCCCCCNCc2ccc(Cl)cc2)cc1
91898353.0,CCNCCCCNc1ncc2c(n1)N(Cc1cccc(NC(=O)CC)c1)C(=O)N(c1c(Cl)c(OC)cc(OC)c1Cl)C2,CCNCCCCNc1ncc2c(n1)N(Cc1cccc(NC(=O)CC)c1)C(=O)N(c1c(Cl)c(OC)cc(OC)c1Cl)C2,91898353.0,CCNCCCCNc1ncc2c(n1)N(Cc1cccc(NC(=O)CC)c1)C(=O)N(c1c(Cl)c(OC)cc(OC)c1Cl)C2
5329102.0,CCN(CC)CCNC(=O)c1c(C)[nH]c(/C=C2\C(=O)Nc3ccc(F)cc32)c1C,CCN(CC)CCNC(=O)c1c(C)[nH]c(/C=C2\C(=O)Nc3ccc(F)cc32)c1C,5329102.0,CCN(CC)CCNC(=O)c1c(C)[nH]c(/C=C2\C(=O)Nc3ccc(F)cc32)c1C
137644930.0,O=C1c2ccccc2NC(c2ccccc2F)N1CCCCCN1C(=O)c2ccccc2NC1c1ccccc1F,O=C1c2ccccc2NC(c2ccccc2F)N1CCCCCN1C(=O)c2ccccc2NC1c1ccccc1F,137644930.0,O=C1c2ccccc2NC(c2ccccc2F)N1CCCCCN1C(=O)c2ccccc2NC1c1ccccc1F
9915743.0,CCOc1cc2ncc(C#N)c(Nc3ccc(OCc4ccccn4)c(Cl)c3)c2cc1NC(=O)/C=C/CN(C)C,CCOc1cc2ncc(C#N)c(Nc3ccc(OCc4ccccn4)c(Cl)c3)c2cc1NC(=O)/C=C/CN(C)C,9915743.0,CCOc1cc2ncc(C#N)c(Nc3ccc(OCc4ccccn4)c(Cl)c3)c2cc1NC(=O)/C=C/CN(C)C
25149814.0,NC(=NCCCc1cnc[nH]1)NC(=O)CC1CCCCC1,NC(=NCCCc1cnc[nH]1)NC(=O)CC1CCCCC1,25149814.0,NC(=NCCCc1cnc[nH]1)NC(=O)CC1CCCCC1
4939.0,CC[N+](C)(CC)CCCn1c2cc(=[NH2+])ccc-2c2ccc(N)cc2c1-c1ccccc1,CC[N+](C)(CC)CCCn1c2cc(=[NH2+])ccc-2c2ccc(N)cc2c1-c1ccccc1,4939.0,CC[N+](C)(CC)CCCn1c2cc(=[NH2+])ccc-2c2ccc(N)cc2c1-c1ccccc1
122629343.0,N#Cc1ccc(-n2nc(C(=O)N3CCC[C@@H](N)C3)cc2OCc2ccccn2)cc1,N#Cc1ccc(-n2nc(C(=O)N3CCC[C@@H](N)C3)cc2OCc2ccccn2)cc1,122629343.0,N#Cc1ccc(-n2nc(C(=O)N3CCC[C@@H](N)C3)cc2OCc2ccccn2)cc1
91935773.0,CO[C@H]1C=CC=C(C)C(=O)Nc2cc(O)c(N=CCN3CCCC3)c(c2O)C[C@@H](C)C[C@H](OC)[C@H](O)[C@@H](C)/C=C(\C)[C@@H]1OC(N)=O,CO[C@H]1C=CC=C(C)C(=O)Nc2cc(O)c(N=CCN3CCCC3)c(c2O)C[C@@H](C)C[C@H](OC)[C@H](O)[C@@H](C)/C=C(\C)[C@@H]1OC(N)=O,91935773.0,CO[C@H]1C=CC=C(C)C(=O)Nc2cc(O)c(N=CCN3CCCC3)c(c2O)C[C@@H](C)C[C@H](OC)[C@H](O)[C@@H](C)/C=C(\C)[C@@H]1OC(N)=O
137650159.0,O=C(O)c1cccc(CN2CCC(NC(=O)c3cc(Br)c(Br)[nH]3)CC2)c1,O=C(O)c1cccc(CN2CCC(NC(=O)c3cc(Br)c(Br)[nH]3)CC2)c1,137650159.0,O=C(O)c1cccc(CN2CCC(NC(=O)c3cc(Br)c(Br)[nH]3)CC2)c1
73346661.0,CC(C)[C@H](NC(=O)[C@H](C)N)C(=O)N1CCC[C@H]1C(=O)N[C@H](C(=O)N[C@@H](Cc1ccc(O)cc1)C(N)=O)c1ccccc1,CC(C)[C@H](NC(=O)[C@H](C)N)C(=O)N1CCC[C@H]1C(=O)N[C@H](C(=O)N[C@@H](Cc1ccc(O)cc1)C(N)=O)c1ccccc1,73346661.0,CC(C)[C@H](NC(=O)[C@H](C)N)C(=O)N1CCC[C@H]1C(=O)N[C@H](C(=O)N[C@@H](Cc1ccc(O)cc1)C(N)=O)c1ccccc1
137650490.0,CCCCNC(=O)c1cn([C@@H]2[C@@H](O)[C@H](SS[C@@H]3O[C@H](CO)[C@H](O)[C@H](n4cc(-c5cc(F)c(F)c(F)c5)nn4)[C@H]3O)O[C@H](CO)[C@@H]2O)nn1,CCCCNC(=O)c1cn([C@@H]2[C@@H](O)[C@H](SS[C@@H]3O[C@H](CO)[C@H](O)[C@H](n4cc(-c5cc(F)c(F)c(F)c5)nn4)[C@H]3O)O[C@H](CO)[C@@H]2O)nn1,137650490.0,CCCCNC(=O)c1cn([C@@H]2[C@@H](O)[C@H](SS[C@@H]3O[C@H](CO)[C@H](O)[C@H](n4cc(-c5cc(F)c(F)c(F)c5)nn4)[C@H]3O)O[C@H](CO)[C@@H]2O)nn1
136215711.0,Cc1c(Cc2c(CO)nc3c(-c4c[nH]cn4)cc(N4CCOC(C)C4)nn23)cccc1C(F)(F)F,Cc1c(Cc2c(CO)nc3c(-c4c[nH]cn4)cc(N4CCOC(C)C4)nn23)cccc1C(F)(F)F,136215711.0,Cc1c(Cc2c(CO)nc3c(-c4c[nH]cn4)cc(N4CCOC(C)C4)nn23)cccc1C(F)(F)F
52945601.0,CO[C@@H]1[C@H](N(C)C(=O)c2ccccc2)C[C@H]2O[C@]1(C)n1c3ccccc3c3c4c(c5c6ccccc6n2c5c31)C(=O)N[C@H]4O,CO[C@@H]1[C@H](N(C)C(=O)c2ccccc2)C[C@H]2O[C@]1(C)n1c3ccccc3c3c4c(c5c6ccccc6n2c5c31)C(=O)N[C@H]4O,52945601.0,CO[C@@H]1[C@H](N(C)C(=O)c2ccccc2)C[C@H]2O[C@]1(C)n1c3ccccc3c3c4c(c5c6ccccc6n2c5c31)C(=O)N[C@H]4O
11667893.0,CC1(C)CNc2cc(NC(=O)c3cccnc3NCc3ccncc3)ccc21,CC1(C)CNc2cc(NC(=O)c3cccnc3NCc3ccncc3)ccc21,11667893.0,CC1(C)CNc2cc(NC(=O)c3cccnc3NCc3ccncc3)ccc21
5311377.0,COc1cccc2c1C[C@H]1C[C@@H](C(=O)N3CCN(c4ccc([N+](=O)[O-])cc4)CC3)CN(C)[C@@H]1C2,COc1cccc2c1C[C@H]1C[C@@H](C(=O)N3CCN(c4ccc([N+](=O)[O-])cc4)CC3)CN(C)[C@@H]1C2,5311377.0,COc1cccc2c1C[C@H]1C[C@@H](C(=O)N3CCN(c4ccc([N+](=O)[O-])cc4)CC3)CN(C)[C@@H]1C2
11607628.0,C[C@H]1CN(Cc2cccc(-c3cc(CNC(=O)c4cccc(CN5CC[N+]6(CCCCC6)CC5)c4)ccc3F)c2)CCN1,C[C@H]1CN(Cc2cccc(-c3cc(CNC(=O)c4cccc(CN5CC[N+]6(CCCCC6)CC5)c4)ccc3F)c2)CCN1,11607628.0,C[C@H]1CN(Cc2cccc(-c3cc(CNC(=O)c4cccc(CN5CC[N+]6(CCCCC6)CC5)c4)ccc3F)c2)CCN1
137647309.0,COc1ccc(CN(CC(=O)N2CCC(F)(CN)CC2)c2ccc(C#N)cc2)cc1F,COc1ccc(CN(CC(=O)N2CCC(F)(CN)CC2)c2ccc(C#N)cc2)cc1F,137647309.0,COc1ccc(CN(CC(=O)N2CCC(F)(CN)CC2)c2ccc(C#N)cc2)cc1F
127024111.0,C[C@H]1CCc2cc(-c3nc(Cl)nc4[nH]ccc34)ccc2N1C(=O)c1ccc(O)cc1O,C[C@H]1CCc2cc(-c3nc(Cl)nc4[nH]ccc34)ccc2N1C(=O)c1ccc(O)cc1O,127024111.0,C[C@H]1CCc2cc(-c3nc(Cl)nc4[nH]ccc34)ccc2N1C(=O)c1ccc(O)cc1O
72189812.0,C[C@@H](Nc1nc(-c2cccc(C(=O)O)c2)cnc1N)c1ccccc1,C[C@@H](Nc1nc(-c2cccc(C(=O)O)c2)cnc1N)c1ccccc1,72189812.0,C[C@@H](Nc1nc(-c2cccc(C(=O)O)c2)cnc1N)c1ccccc1
332060.0,O=C(O)CSc1nnc2c3ccccc3c3ccccc3c2n1,O=C(O)CSc1nnc2c3ccccc3c3ccccc3c2n1,332060.0,O=C(O)CSc1nnc2c3ccccc3c3ccccc3c2n1
117927152.0,COc1cc2nc(-c3ccc(CC(=O)Nc4cc(C5(C(F)(F)F)CC5)on4)c(F)c3)cnc2cc1NCCN1CCOCC1,COc1cc2nc(-c3ccc(CC(=O)Nc4cc(C5(C(F)(F)F)CC5)on4)c(F)c3)cnc2cc1NCCN1CCOCC1,117927152.0,COc1cc2nc(-c3ccc(CC(=O)Nc4cc(C5(C(F)(F)F)CC5)on4)c(F)c3)cnc2cc1NCCN1CCOCC1
5284627.0,CC1(C)O[C@@H]2CO[C@@]3(COS(N)(=O)=O)OC(C)(C)O[C@H]3[C@@H]2O1,CC1(C)O[C@@H]2CO[C@@]3(COS(N)(=O)=O)OC(C)(C)O[C@H]3[C@@H]2O1,5284627.0,CC1(C)O[C@@H]2CO[C@@]3(COS(N)(=O)=O)OC(C)(C)O[C@H]3[C@@H]2O1
71811187.0,Cc1ccc(N)c(CN2CCCC3(CCN(c4cnc5ccccc5n4)CC3)C2=O)c1,Cc1ccc(N)c(CN2CCCC3(CCN(c4cnc5ccccc5n4)CC3)C2=O)c1,71811187.0,Cc1ccc(N)c(CN2CCCC3(CCN(c4cnc5ccccc5n4)CC3)C2=O)c1
4946.0,CC(C)NCC(O)COc1cccc2ccccc12,CC(C)NCC(O)COc1cccc2ccccc12,4946.0,CC(C)NCC(O)COc1cccc2ccccc12
76311094.0,O=C(NCCCCS(=O)(=O)c1ccccc1)c1ccc2nccn2c1,O=C(NCCCCS(=O)(=O)c1ccccc1)c1ccc2nccn2c1,76311094.0,O=C(NCCCCS(=O)(=O)c1ccccc1)c1ccc2nccn2c1
8465.0,CC(C)NCC(=O)c1ccc(O)c(O)c1,CC(C)NCC(=O)c1ccc(O)c(O)c1,8465.0,CC(C)NCC(=O)c1ccc(O)c(O)c1
118023211.0,COc1nc2ccc(C(O)c3ccc(C)nc3C)cc2c(Cl)c1OC(C)C,COc1nc2ccc(C(O)c3ccc(C)nc3C)cc2c(Cl)c1OC(C)C,118023211.0,COc1nc2ccc(C(O)c3ccc(C)nc3C)cc2c(Cl)c1OC(C)C
13157412.0,COc1ccc(CCNCC(O)COc2ccc(-c3nc(C)c[nH]3)cc2)cc1OC,COc1ccc(CCNCC(O)COc2ccc(-c3nc(C)c[nH]3)cc2)cc1OC,13157412.0,COc1ccc(CCNCC(O)COc2ccc(-c3nc(C)c[nH]3)cc2)cc1OC
10864032.0,O=C1CCC(CCN2CC(N3CCNCC3)C2)(c2ccc(Cl)c(Cl)c2)CN1Cc1ccccc1,O=C1CCC(CCN2CC(N3CCNCC3)C2)(c2ccc(Cl)c(Cl)c2)CN1Cc1ccccc1,10864032.0,O=C1CCC(CCN2CC(N3CCNCC3)C2)(c2ccc(Cl)c(Cl)c2)CN1Cc1ccccc1
56657724.0,CC[C@H](C)[C@H]1NC(=O)[C@H](Cc2cc3ccccc3[nH]2)NC(=O)CC2(CCCCC2)SSC[C@@H](C(=O)N2CCC[C@H]2C(=O)N[C@@H](CCCN)C(=O)O)NC(=O)[C@@H](CC(N)=O)NC(=O)[C@H]([C@@H](C)O)NC1=O,CC[C@H](C)[C@H]1NC(=O)[C@H](Cc2cc3ccccc3[nH]2)NC(=O)CC2(CCCCC2)SSC[C@@H](C(=O)N2CCC[C@H]2C(=O)N[C@@H](CCCN)C(=O)O)NC(=O)[C@@H](CC(N)=O)NC(=O)[C@H]([C@@H](C)O)NC1=O,56657724.0,CC[C@H](C)[C@H]1NC(=O)[C@H](Cc2cc3ccccc3[nH]2)NC(=O)CC2(CCCCC2)SSC[C@@H](C(=O)N2CCC[C@H]2C(=O)N[C@@H](CCCN)C(=O)O)NC(=O)[C@@H](CC(N)=O)NC(=O)[C@H]([C@@H](C)O)NC1=O
46883461.0,CC(C)(C)c1cc(NC(=O)Nc2ccc(C(=O)Nc3ccncc3)cc2)no1,CC(C)(C)c1cc(NC(=O)Nc2ccc(C(=O)Nc3ccncc3)cc2)no1,46883461.0,CC(C)(C)c1cc(NC(=O)Nc2ccc(C(=O)Nc3ccncc3)cc2)no1
12733305.0,COc1ccc(CCNCC(O)C2=COc3ccccc3O2)cc1OC,COc1ccc(CCNCC(O)C2=COc3ccccc3O2)cc1OC,12733305.0,COc1ccc(CCNCC(O)C2=COc3ccccc3O2)cc1OC
71716172.0,CN(C)CC[C@H](CSc1ccccc1)Nc1ccc(S(=O)(=O)Nc2ncnc3c2CCN(C2CCN(Cc4cc(F)ccc4-c4ccc(Cl)cc4)CC2)C3=O)cc1S(=O)(=O)C(F)(F)F,CN(C)CC[C@H](CSc1ccccc1)Nc1ccc(S(=O)(=O)Nc2ncnc3c2CCN(C2CCN(Cc4cc(F)ccc4-c4ccc(Cl)cc4)CC2)C3=O)cc1S(=O)(=O)C(F)(F)F,71716172.0,CN(C)CC[C@H](CSc1ccccc1)Nc1ccc(S(=O)(=O)Nc2ncnc3c2CCN(C2CCN(Cc4cc(F)ccc4-c4ccc(Cl)cc4)CC2)C3=O)cc1S(=O)(=O)C(F)(F)F
118734318.0,COc1ccc(-n2c(COCCOCCOCCOCCOCCOCCOCCOCCNC(=O)CCCCCNC(=O)c3ccc(-c4c5ccc(=O)cc-5oc5cc(O)ccc45)c(C(=O)O)c3)nnc2N2CC(Oc3ccc(F)cc3Cl)C2)c[nH+]1,COc1ccc(-n2c(COCCOCCOCCOCCOCCOCCOCCOCCNC(=O)CCCCCNC(=O)c3ccc(-c4c5ccc(=O)cc-5oc5cc(O)ccc45)c(C(=O)O)c3)nnc2N2CC(Oc3ccc(F)cc3Cl)C2)c[nH+]1,118734318.0,COc1ccc(-n2c(COCCOCCOCCOCCOCCOCCOCCOCCNC(=O)CCCCCNC(=O)c3ccc(-c4c5ccc(=O)cc-5oc5cc(O)ccc45)c(C(=O)O)c3)nnc2N2CC(Oc3ccc(F)cc3Cl)C2)c[nH+]1
11213558.0,COc1cc(Nc2ncc(F)c(Nc3ccc4c(n3)NC(=O)C(C)(C)O4)n2)cc(OC)c1OC,COc1cc(Nc2ncc(F)c(Nc3ccc4c(n3)NC(=O)C(C)(C)O4)n2)cc(OC)c1OC,11213558.0,COc1cc(Nc2ncc(F)c(Nc3ccc4c(n3)NC(=O)C(C)(C)O4)n2)cc(OC)c1OC
91663440.0,Cc1ccc(NC(=O)c2cccc(C(F)(F)F)c2)cc1Nc1ncccc1-c1ncnc(Nc2ccc(OCCNC(=O)CCCCNC(=O)CCC3=[N+]4B(F)n5c(C)cc(C)c5C=C4C=C3)cc2)n1,Cc1ccc(NC(=O)c2cccc(C(F)(F)F)c2)cc1Nc1ncccc1-c1ncnc(Nc2ccc(OCCNC(=O)CCCCNC(=O)CCC3=[N+]4B(F)n5c(C)cc(C)c5C=C4C=C3)cc2)n1,91663440.0,Cc1ccc(NC(=O)c2cccc(C(F)(F)F)c2)cc1Nc1ncccc1-c1ncnc(Nc2ccc(OCCNC(=O)CCCCNC(=O)CCC3=[N+]4B(F)n5c(C)cc(C)c5C=C4C=C3)cc2)n1
5291.0,Cc1ccc(NC(=O)c2ccc(CN3CCN(C)CC3)cc2)cc1Nc1nccc(-c2cccnc2)n1,Cc1ccc(NC(=O)c2ccc(CN3CCN(C)CC3)cc2)cc1Nc1nccc(-c2cccnc2)n1,5291.0,Cc1ccc(NC(=O)c2ccc(CN3CCN(C)CC3)cc2)cc1Nc1nccc(-c2cccnc2)n1
644241.0,Cc1cn(-c2cc(NC(=O)c3ccc(C)c(Nc4nccc(-c5cccnc5)n4)c3)cc(C(F)(F)F)c2)cn1,Cc1cn(-c2cc(NC(=O)c3ccc(C)c(Nc4nccc(-c5cccnc5)n4)c3)cc(C(F)(F)F)c2)cn1,644241.0,Cc1cn(-c2cc(NC(=O)c3ccc(C)c(Nc4nccc(-c5cccnc5)n4)c3)cc(C(F)(F)F)c2)cn1
10453355.0,CC1(C)CC=C(c2ccc(F)cc2)c2cc(C#Cc3ccc(C(=O)O)cc3)ccc21,CC1(C)CC=C(c2ccc(F)cc2)c2cc(C#Cc3ccc(C(=O)O)cc3)ccc21,10453355.0,CC1(C)CC=C(c2ccc(F)cc2)c2cc(C#Cc3ccc(C(=O)O)cc3)ccc21
44441876.0,COc1cccc2c1C[C@H]1C[C@@H](C(=O)N3CCN(c4cccc5ccccc45)CC3)CN(C)[C@@H]1C2,COc1cccc2c1C[C@H]1C[C@@H](C(=O)N3CCN(c4cccc5ccccc45)CC3)CN(C)[C@@H]1C2,44441876.0,COc1cccc2c1C[C@H]1C[C@@H](C(=O)N3CCN(c4cccc5ccccc45)CC3)CN(C)[C@@H]1C2
122362963.0,O=C(N[C@@H]1CCCN(Cc2csc3ccccc23)C1)N1CCc2[nH]nc(-c3ccncc3)c2C1,O=C(N[C@@H]1CCCN(Cc2csc3ccccc23)C1)N1CCc2[nH]nc(-c3ccncc3)c2C1,122362963.0,O=C(N[C@@H]1CCCN(Cc2csc3ccccc23)C1)N1CCc2[nH]nc(-c3ccncc3)c2C1
9813758.0,Cc1ccc2nc(NCCN)c3ncc(C)n3c2c1,Cc1ccc2nc(NCCN)c3ncc(C)n3c2c1,9813758.0,Cc1ccc2nc(NCCN)c3ncc(C)n3c2c1
20317991.0,O=c1[nH]c2ncccc2cc1O,O=c1[nH]c2ncccc2cc1O,20317991.0,O=c1[nH]c2ncccc2cc1O
118022197.0,Cc1ccc(C(O)(c2ccc3nc(N4CCC4)c(CC(F)(F)F)c(Cl)c3c2)c2cnnn2C)c(C)n1,Cc1ccc(C(O)(c2ccc3nc(N4CCC4)c(CC(F)(F)F)c(Cl)c3c2)c2cnnn2C)c(C)n1,118022197.0,Cc1ccc(C(O)(c2ccc3nc(N4CCC4)c(CC(F)(F)F)c(Cl)c3c2)c2cnnn2C)c(C)n1
9973307.0,C=C(c1ccc(C(=O)O)cc1)c1cc2c(cc1C)C(C)(C)CCC2,C=C(c1ccc(C(=O)O)cc1)c1cc2c(cc1C)C(C)(C)CCC2,9973307.0,C=C(c1ccc(C(=O)O)cc1)c1cc2c(cc1C)C(C)(C)CCC2
1132.0,Cc1ncc(C[n+]2csc(CCOP(=O)(O)OP(=O)(O)O)c2C)c(N)n1,Cc1ncc(C[n+]2csc(CCOP(=O)(O)OP(=O)(O)O)c2C)c(N)n1,1132.0,Cc1ncc(C[n+]2csc(CCOP(=O)(O)OP(=O)(O)O)c2C)c(N)n1
73346675.0,NC(N)=NCCC[C@H](N)C(=O)N[C@@H](CCCN=C(N)N)C(=O)N1CCC[C@H]1C(=O)N1C[C@H](O)C[C@H]1C(=O)NCC(=O)N[C@@H](Cc1cccs1)C(=O)N[C@@H](CO)C(=O)N(CC(=O)N1C2CCCCC2C[C@H]1C(=O)N[C@@H](CCCN=C(N)N)C(=O)O)Cc1ccccc1,NC(N)=NCCC[C@H](N)C(=O)N[C@@H](CCCN=C(N)N)C(=O)N1CCC[C@H]1C(=O)N1C[C@H](O)C[C@H]1C(=O)NCC(=O)N[C@@H](Cc1cccs1)C(=O)N[C@@H](CO)C(=O)N(CC(=O)N1C2CCCCC2C[C@H]1C(=O)N[C@@H](CCCN=C(N)N)C(=O)O)Cc1ccccc1,73346675.0,NC(N)=NCCC[C@H](N)C(=O)N[C@@H](CCCN=C(N)N)C(=O)N1CCC[C@H]1C(=O)N1C[C@H](O)C[C@H]1C(=O)NCC(=O)N[C@@H](Cc1cccs1)C(=O)N[C@@H](CO)C(=O)N(CC(=O)N1C2CCCCC2C[C@H]1C(=O)N[C@@H](CCCN=C(N)N)C(=O)O)Cc1ccccc1
90655573.0,CC(=O)N[C@@H](Cc1ccccc1)C(=O)N[C@@H](C)C(=O)N[C@@H](CC(C)C)C(=O)N[C@@H](CCCC[N+](C)(C)C)C(=O)N[C@@H](CO)C(N)=O,CC(=O)N[C@@H](Cc1ccccc1)C(=O)N[C@@H](C)C(=O)N[C@@H](CC(C)C)C(=O)N[C@@H](CCCC[N+](C)(C)C)C(=O)N[C@@H](CO)C(N)=O,90655573.0,CC(=O)N[C@@H](Cc1ccccc1)C(=O)N[C@@H](C)C(=O)N[C@@H](CC(C)C)C(=O)N[C@@H](CCCC[N+](C)(C)C)C(=O)N[C@@H](CO)C(N)=O
91929722.0,CC(C)CCC[C@@H](C)[C@H]1CC[C@H]2[C@@H]3CC[C@H]4C[C@@H](O[C@@H]5O[C@H](COS(=O)(=O)[O-])[C@@H](O[C@H]6O[C@H](COS(=O)(=O)[O-])[C@@H](O[C@H]7O[C@H](COS(=O)(=O)[O-])[C@@H](O[C@H]8O[C@H](COS(=O)(=O)[O-])[C@@H](OS(=O)(=O)[O-])[C@H](OS(=O)(=O)[O-])[C@H]8OS(=O)(=O)[O-])[C@H](OS(=O)(=O)[O-])[C@H]7OS(=O)(=O)[O-])[C@H](OS(=O)(=O)[O-])[C@H]6OS(=O)(=O)[O-])[C@H](OS(=O)(=O)[O-])[C@H]5OS(=O)(=O)[O-])CC[C@]4(C)[C@H]3CC[C@@]21C,CC(C)CCC[C@@H](C)[C@H]1CC[C@H]2[C@@H]3CC[C@H]4C[C@@H](O[C@@H]5O[C@H](COS(=O)(=O)[O-])[C@@H](O[C@H]6O[C@H](COS(=O)(=O)[O-])[C@@H](O[C@H]7O[C@H](COS(=O)(=O)[O-])[C@@H](O[C@H]8O[C@H](COS(=O)(=O)[O-])[C@@H](OS(=O)(=O)[O-])[C@H](OS(=O)(=O)[O-])[C@H]8OS(=O)(=O)[O-])[C@H](OS(=O)(=O)[O-])[C@H]7OS(=O)(=O)[O-])[C@H](OS(=O)(=O)[O-])[C@H]6OS(=O)(=O)[O-])[C@H](OS(=O)(=O)[O-])[C@H]5OS(=O)(=O)[O-])CC[C@]4(C)[C@H]3CC[C@@]21C,91929722.0,CC(C)CCC[C@@H](C)[C@H]1CC[C@H]2[C@@H]3CC[C@H]4C[C@@H](O[C@@H]5O[C@H](COS(=O)(=O)[O-])[C@@H](O[C@H]6O[C@H](COS(=O)(=O)[O-])[C@@H](O[C@H]7O[C@H](COS(=O)(=O)[O-])[C@@H](O[C@H]8O[C@H](COS(=O)(=O)[O-])[C@@H](OS(=O)(=O)[O-])[C@H](OS(=O)(=O)[O-])[C@H]8OS(=O)(=O)[O-])[C@H](OS(=O)(=O)[O-])[C@H]7OS(=O)(=O)[O-])[C@H](OS(=O)(=O)[O-])[C@H]6OS(=O)(=O)[O-])[C@H](OS(=O)(=O)[O-])[C@H]5OS(=O)(=O)[O-])CC[C@]4(C)[C@H]3CC[C@@]21C
161394.0,CC(C)(C)NCC(O)c1ccc(O)c(C(N)=O)c1,CC(C)(C)NCC(O)c1ccc(O)c(C(N)=O)c1,161394.0,CC(C)(C)NCC(O)c1ccc(O)c(C(N)=O)c1
10543210.0,Cc1cc2c(cc1-c1cc(C(=O)O)no1)C(C)(C)CCC2(C)C,Cc1cc2c(cc1-c1cc(C(=O)O)no1)C(C)(C)CCC2(C)C,10543210.0,Cc1cc2c(cc1-c1cc(C(=O)O)no1)C(C)(C)CCC2(C)C
10926938.0,O=C(c1ccc(OCc2ccc(CN3CCCCC3)cc2)cc1)C1CCCC1,O=C(c1ccc(OCc2ccc(CN3CCCCC3)cc2)cc1)C1CCCC1,10926938.0,O=C(c1ccc(OCc2ccc(CN3CCCCC3)cc2)cc1)C1CCCC1
17372842.0,Cc1ccc(-c2n[nH]c(=S)n2-c2ccc3c(Cl)c(C(=O)O)sc3c2)cc1,Cc1ccc(-c2n[nH]c(=S)n2-c2ccc3c(Cl)c(C(=O)O)sc3c2)cc1,17372842.0,Cc1ccc(-c2n[nH]c(=S)n2-c2ccc3c(Cl)c(C(=O)O)sc3c2)cc1
10443654.0,CC(C)NCC(O)c1ccc(O)c(CO)c1,CC(C)NCC(O)c1ccc(O)c(CO)c1,10443654.0,CC(C)NCC(O)c1ccc(O)c(CO)c1
71463198.0,Cc1nc(CN2CCN(c3c(Cl)cnc4nc(-c5cn(C)nc5C)[nH]c34)CC2)no1,Cc1nc(CN2CCN(c3c(Cl)cnc4nc(-c5cn(C)nc5C)[nH]c34)CC2)no1,71463198.0,Cc1nc(CN2CCN(c3c(Cl)cnc4nc(-c5cn(C)nc5C)[nH]c34)CC2)no1
44450303.0,C[C@@H]1C[C@H]2C[C@@H](O)CC[C@]2(C)[C@H]2CC[C@@]3(C)[C@@H](CC[C@]3(C)O)[C@@H]21,C[C@@H]1C[C@H]2C[C@@H](O)CC[C@]2(C)[C@H]2CC[C@@]3(C)[C@@H](CC[C@]3(C)O)[C@@H]21,44450303.0,C[C@@H]1C[C@H]2C[C@@H](O)CC[C@]2(C)[C@H]2CC[C@@]3(C)[C@@H](CC[C@]3(C)O)[C@@H]21
67285742.0,O=C(O)[C@H]1C2CCC(CC2)[C@@H]1Nc1nc(-c2c[nH]c3ncc(Cl)cc23)ncc1F,O=C(O)[C@H]1C2CCC(CC2)[C@@H]1Nc1nc(-c2c[nH]c3ncc(Cl)cc23)ncc1F,67285742.0,O=C(O)[C@H]1C2CCC(CC2)[C@@H]1Nc1nc(-c2c[nH]c3ncc(Cl)cc23)ncc1F
11364421.0,CC[C@@H]1C(=O)N(C)c2cnc(Nc3ccc(C(=O)NC4CCN(C)CC4)cc3OC)nc2N1C1CCCC1,CC[C@@H]1C(=O)N(C)c2cnc(Nc3ccc(C(=O)NC4CCN(C)CC4)cc3OC)nc2N1C1CCCC1,11364421.0,CC[C@@H]1C(=O)N(C)c2cnc(Nc3ccc(C(=O)NC4CCN(C)CC4)cc3OC)nc2N1C1CCCC1
25190989.0,CCN(CC)CCNC(=O)c1c(C)[nH]c(/C=C2\C(=O)Nc3ccc(OC)cc32)c1C,CCN(CC)CCNC(=O)c1c(C)[nH]c(/C=C2\C(=O)Nc3ccc(OC)cc32)c1C,25190989.0,CCN(CC)CCNC(=O)c1c(C)[nH]c(/C=C2\C(=O)Nc3ccc(OC)cc32)c1C
58172700.0,Cc1cc(NC(=O)c2ccc(C)c(Nc3nccc(-c4cccnc4)n3)c2)cc(-n2cnc(C)c2)c1,Cc1cc(NC(=O)c2ccc(C)c(Nc3nccc(-c4cccnc4)n3)c2)cc(-n2cnc(C)c2)c1,58172700.0,Cc1cc(NC(=O)c2ccc(C)c(Nc3nccc(-c4cccnc4)n3)c2)cc(-n2cnc(C)c2)c1
30980948.0,Cc1nc[nH]c1CN1CCc2ccccc2C1,Cc1nc[nH]c1CN1CCc2ccccc2C1,30980948.0,Cc1nc[nH]c1CN1CCc2ccccc2C1
10101973.0,COC(=O)/C=C1/C[C@H]2C[C@]3(O)O[C@@H](C[C@H](OC(C)=O)C3(C)C)C[C@@H](O)CC(=O)O[C@@H]([C@@H](C)O)C[C@@H]3C/C(=C\C(=O)OC)[C@H](OC(C)=O)[C@@](O)(O3)C(C)(C)/C=C/[C@@H](C1)O2,COC(=O)/C=C1/C[C@H]2C[C@]3(O)O[C@@H](C[C@H](OC(C)=O)C3(C)C)C[C@@H](O)CC(=O)O[C@@H]([C@@H](C)O)C[C@@H]3C/C(=C\C(=O)OC)[C@H](OC(C)=O)[C@@](O)(O3)C(C)(C)/C=C/[C@@H](C1)O2,10101973.0,COC(=O)/C=C1/C[C@H]2C[C@]3(O)O[C@@H](C[C@H](OC(C)=O)C3(C)C)C[C@@H](O)CC(=O)O[C@@H]([C@@H](C)O)C[C@@H]3C/C(=C\C(=O)OC)[C@H](OC(C)=O)[C@@](O)(O3)C(C)(C)/C=C/[C@@H](C1)O2
16722836.0,Cc1cnc(Nc2ccc(OCCN3CCCC3)cc2)nc1Nc1cccc(S(=O)(=O)NC(C)(C)C)c1,Cc1cnc(Nc2ccc(OCCN3CCCC3)cc2)nc1Nc1cccc(S(=O)(=O)NC(C)(C)C)c1,16722836.0,Cc1cnc(Nc2ccc(OCCN3CCCC3)cc2)nc1Nc1cccc(S(=O)(=O)NC(C)(C)C)c1
44368258.0,NS(=O)(=O)c1ccc(C(=O)NCC(=O)NC(Cc2ccccc2)C(=O)O)cc1,NS(=O)(=O)c1ccc(C(=O)NCC(=O)NC(Cc2ccccc2)C(=O)O)cc1,44368258.0,NS(=O)(=O)c1ccc(C(=O)NCC(=O)NC(Cc2ccccc2)C(=O)O)cc1
5494449.0,Cc1cc(Nc2cc(N3CCN(C)CC3)nc(Sc3ccc(NC(=O)C4CC4)cc3)n2)[nH]n1,Cc1cc(Nc2cc(N3CCN(C)CC3)nc(Sc3ccc(NC(=O)C4CC4)cc3)n2)[nH]n1,5494449.0,Cc1cc(Nc2cc(N3CCN(C)CC3)nc(Sc3ccc(NC(=O)C4CC4)cc3)n2)[nH]n1
2968216.0,OC(Cn1ccc2ccccc21)Cn1cnc2ccccc21,OC(Cn1ccc2ccccc21)Cn1cnc2ccccc21,2968216.0,OC(Cn1ccc2ccccc21)Cn1cnc2ccccc21
91928649.0,CC[C@H](C)[C@H](NC(=O)[C@H](CC(C)C)NC(=O)[C@H](CC(N)=O)NC(=O)[C@@H](NC(=O)[C@@]1(C)NC(=O)CC[C@H](NC(=O)[C@@H](N)Cc2ccc(O)cc2)C(=O)N[C@@H](CO)C(=O)N[C@H](CCCCN)C(=O)N2CCC[C@H]2C(=O)N[C@H](C)C(=O)N[C@@H](CC(C)C)C(=O)N[C@H](CCCNC(=N)N)C(=O)N[C@@H](Cc2cnc[nH]2)C(=O)N1)[C@@H](C)CC)C(=O)N[C@H](C(=O)N[C@@H](CCCNC(=N)N)C(=O)N[C@@H](CCC(N)=O)C(=O)N[C@@H](CCCNC(=N)N)C(=O)N[C@@H](Cc1ccc(O)cc1)C(=O)O)[C@@H](C)O,CC[C@H](C)[C@H](NC(=O)[C@H](CC(C)C)NC(=O)[C@H](CC(N)=O)NC(=O)[C@@H](NC(=O)[C@@]1(C)NC(=O)CC[C@H](NC(=O)[C@@H](N)Cc2ccc(O)cc2)C(=O)N[C@@H](CO)C(=O)N[C@H](CCCCN)C(=O)N2CCC[C@H]2C(=O)N[C@H](C)C(=O)N[C@@H](CC(C)C)C(=O)N[C@H](CCCNC(=N)N)C(=O)N[C@@H](Cc2cnc[nH]2)C(=O)N1)[C@@H](C)CC)C(=O)N[C@H](C(=O)N[C@@H](CCCNC(=N)N)C(=O)N[C@@H](CCC(N)=O)C(=O)N[C@@H](CCCNC(=N)N)C(=O)N[C@@H](Cc1ccc(O)cc1)C(=O)O)[C@@H](C)O,91928649.0,CC[C@H](C)[C@H](NC(=O)[C@H](CC(C)C)NC(=O)[C@H](CC(N)=O)NC(=O)[C@@H](NC(=O)[C@@]1(C)NC(=O)CC[C@H](NC(=O)[C@@H](N)Cc2ccc(O)cc2)C(=O)N[C@@H](CO)C(=O)N[C@H](CCCCN)C(=O)N2CCC[C@H]2C(=O)N[C@H](C)C(=O)N[C@@H](CC(C)C)C(=O)N[C@H](CCCNC(=N)N)C(=O)N[C@@H](Cc2cnc[nH]2)C(=O)N1)[C@@H](C)CC)C(=O)N[C@H](C(=O)N[C@@H](CCCNC(=N)N)C(=O)N[C@@H](CCC(N)=O)C(=O)N[C@@H](CCCNC(=N)N)C(=O)N[C@@H](Cc1ccc(O)cc1)C(=O)O)[C@@H](C)O
14994252.0,O=C(NCCF)NCCCOc1cccc(CN2CCCCC2)c1,O=C(NCCF)NCCCOc1cccc(CN2CCCCC2)c1,14994252.0,O=C(NCCF)NCCCOc1cccc(CN2CCCCC2)c1
1986.0,CC(=O)Nc1nnc(S(N)(=O)=O)s1,CC(=O)Nc1nnc(S(N)(=O)=O)s1,1986.0,CC(=O)Nc1nnc(S(N)(=O)=O)s1
78319307.0,O=C(/C=N/O)Nc1ccc[n+](Cc2ccc(C[n+]3cccc(NC(=O)/C=N/O)c3)cc2)c1.[Br-].[Br-],O=C(/C=N/O)Nc1ccc[n+](Cc2ccc(C[n+]3cccc(NC(=O)/C=N/O)c3)cc2)c1.[Br-].[Br-],78319307.0,O=C(/C=N/O)Nc1ccc[n+](Cc2ccc(C[n+]3cccc(NC(=O)/C=N/O)c3)cc2)c1.[Br-].[Br-]
44581129.0,CC(C)(C)OC(=O)NCCCCCC(=O)NC12CC3(CCC=O)CC(CCC(=O)N[C@@H](CCP(=O)(O)CC(CCC(=O)O)C(=O)O)C(=O)O)(CC(CCC(=O)N[C@@H](CCP(=O)(O)CC(CCC(=O)O)C(=O)O)C(=O)O)(C3)C1)C2,CC(C)(C)OC(=O)NCCCCCC(=O)NC12CC3(CCC=O)CC(CCC(=O)N[C@@H](CCP(=O)(O)CC(CCC(=O)O)C(=O)O)C(=O)O)(CC(CCC(=O)N[C@@H](CCP(=O)(O)CC(CCC(=O)O)C(=O)O)C(=O)O)(C3)C1)C2,44581129.0,CC(C)(C)OC(=O)NCCCCCC(=O)NC12CC3(CCC=O)CC(CCC(=O)N[C@@H](CCP(=O)(O)CC(CCC(=O)O)C(=O)O)C(=O)O)(CC(CCC(=O)N[C@@H](CCP(=O)(O)CC(CCC(=O)O)C(=O)O)C(=O)O)(C3)C1)C2
127036943.0,CSCCC(NC(=O)CNC(=O)C(Cc1ccccc1)NC(=O)C(NC(=O)C(NC(=O)CCNC(=O)CCNC(=O)c1ccc(C(=O)O)c(-c2c3ccc(=O)cc-3oc3cc(O)ccc23)c1)C(C)O)C(C)O)C(=O)NC(CCSC)C(=O)NC(C(=O)NC(CC(C)C)C(=O)NC(CCCCN)C(=O)NC1CCCCn2cc(nn2)CC(C(=O)NC(CC(C)C)C(=O)NC(CO)C(N)=O)NC(=O)C(CCCCN)NC(=O)C(Cc2ccccc2)NC(=O)C(C)NC1=O)C(C)O,CSCCC(NC(=O)CNC(=O)C(Cc1ccccc1)NC(=O)C(NC(=O)C(NC(=O)CCNC(=O)CCNC(=O)c1ccc(C(=O)O)c(-c2c3ccc(=O)cc-3oc3cc(O)ccc23)c1)C(C)O)C(C)O)C(=O)NC(CCSC)C(=O)NC(C(=O)NC(CC(C)C)C(=O)NC(CCCCN)C(=O)NC1CCCCn2cc(nn2)CC(C(=O)NC(CC(C)C)C(=O)NC(CO)C(N)=O)NC(=O)C(CCCCN)NC(=O)C(Cc2ccccc2)NC(=O)C(C)NC1=O)C(C)O,127036943.0,CSCCC(NC(=O)CNC(=O)C(Cc1ccccc1)NC(=O)C(NC(=O)C(NC(=O)CCNC(=O)CCNC(=O)c1ccc(C(=O)O)c(-c2c3ccc(=O)cc-3oc3cc(O)ccc23)c1)C(C)O)C(C)O)C(=O)NC(CCSC)C(=O)NC(C(=O)NC(CC(C)C)C(=O)NC(CCCCN)C(=O)NC1CCCCn2cc(nn2)CC(C(=O)NC(CC(C)C)C(=O)NC(CO)C(N)=O)NC(=O)C(CCCCN)NC(=O)C(Cc2ccccc2)NC(=O)C(C)NC1=O)C(C)O
136215712.0,Cc1c(Cc2c(C(C)O)nc3c(-c4c[nH]cn4)cc(N4CCOCC4)nn23)cccc1C(F)(F)F,Cc1c(Cc2c(C(C)O)nc3c(-c4c[nH]cn4)cc(N4CCOCC4)nn23)cccc1C(F)(F)F,136215712.0,Cc1c(Cc2c(C(C)O)nc3c(-c4c[nH]cn4)cc(N4CCOCC4)nn23)cccc1C(F)(F)F
688566.0,O=C(O[C@H]1CN2CCC1CC2)C(O)(c1ccccc1)c1ccccc1,O=C(O[C@H]1CN2CCC1CC2)C(O)(c1ccccc1)c1ccccc1,688566.0,O=C(O[C@H]1CN2CCC1CC2)C(O)(c1ccccc1)c1ccccc1
23874497.0,CCCCCc1cc(OC)c(CC=C(C)C)c(O)c1C(=O)O,CCCCCc1cc(OC)c(CC=C(C)C)c(O)c1C(=O)O,23874497.0,CCCCCc1cc(OC)c(CC=C(C)C)c(O)c1C(=O)O
25176946.0,CCOc1cc(C)c2cc1C(=O)NCCCOc1cccc(c1)Sc1cc-2nc(N)n1,CCOc1cc(C)c2cc1C(=O)NCCCOc1cccc(c1)Sc1cc-2nc(N)n1,25176946.0,CCOc1cc(C)c2cc1C(=O)NCCCOc1cccc(c1)Sc1cc-2nc(N)n1
91935772.0,CO[C@H]1C=CC=C(C)C(=O)Nc2cc(O)c(N=CCN3CCC3)c(c2O)C[C@@H](C)C[C@H](OC)[C@H](OC)[C@@H](C)/C=C(\C)[C@@H]1OC(N)=O,CO[C@H]1C=CC=C(C)C(=O)Nc2cc(O)c(N=CCN3CCC3)c(c2O)C[C@@H](C)C[C@H](OC)[C@H](OC)[C@@H](C)/C=C(\C)[C@@H]1OC(N)=O,91935772.0,CO[C@H]1C=CC=C(C)C(=O)Nc2cc(O)c(N=CCN3CCC3)c(c2O)C[C@@H](C)C[C@H](OC)[C@H](OC)[C@@H](C)/C=C(\C)[C@@H]1OC(N)=O
118022864.0,COc1nc2ccc(C(O)(c3cnc(C)n3C)c3cnc(C)n3C)cc2c(Cl)c1CC(F)(F)F,COc1nc2ccc(C(O)(c3cnc(C)n3C)c3cnc(C)n3C)cc2c(Cl)c1CC(F)(F)F,118022864.0,COc1nc2ccc(C(O)(c3cnc(C)n3C)c3cnc(C)n3C)cc2c(Cl)c1CC(F)(F)F
53259815.0,O=C1N(Cc2c[nH]c3ccccc23)CCCC12CCN(c1nccc3occc13)CC2,O=C1N(Cc2c[nH]c3ccccc23)CCCC12CCN(c1nccc3occc13)CC2,53259815.0,O=C1N(Cc2c[nH]c3ccccc23)CCCC12CCN(c1nccc3occc13)CC2
72189516.0,Cc1ccc(-n2nc(C(C)(C)C)cc2NC(=O)Nc2ccc(-c3n[nH]c(=S)n3C)cc2)cc1,Cc1ccc(-n2nc(C(C)(C)C)cc2NC(=O)Nc2ccc(-c3n[nH]c(=S)n3C)cc2)cc1,72189516.0,Cc1ccc(-n2nc(C(C)(C)C)cc2NC(=O)Nc2ccc(-c3n[nH]c(=S)n3C)cc2)cc1
71717922.0,O=C(O)Cc1csc(=NC(=O)CS(=O)(=O)Cc2ccc3ccccc3c2)n1O,O=C(O)Cc1csc(=NC(=O)CS(=O)(=O)Cc2ccc3ccccc3c2)n1O,71717922.0,O=C(O)Cc1csc(=NC(=O)CS(=O)(=O)Cc2ccc3ccccc3c2)n1O
137659247.0,O=C1c2ccccc2N[C@H](c2ccccc2F)N1CCN1CCC(N2C(=O)c3ccccc3N[C@@H]2c2ccccc2F)CC1,O=C1c2ccccc2N[C@H](c2ccccc2F)N1CCN1CCC(N2C(=O)c3ccccc3N[C@@H]2c2ccccc2F)CC1,137659247.0,O=C1c2ccccc2N[C@H](c2ccccc2F)N1CCN1CCC(N2C(=O)c3ccccc3N[C@@H]2c2ccccc2F)CC1
11133868.0,COc1cccc(OC)c1OCCNC[C@H]1C[C@H](c2ccccc2)c2ccccc2S1,COc1cccc(OC)c1OCCNC[C@H]1C[C@H](c2ccccc2)c2ccccc2S1,11133868.0,COc1cccc(OC)c1OCCNC[C@H]1C[C@H](c2ccccc2)c2ccccc2S1
9907433.0,CC1(C)CCC(C)(C)c2cc(C(=O)c3ccc(C(=O)O)cc3)c(Cl)cc21,CC1(C)CCC(C)(C)c2cc(C(=O)c3ccc(C(=O)O)cc3)c(Cl)cc21,9907433.0,CC1(C)CCC(C)(C)c2cc(C(=O)c3ccc(C(=O)O)cc3)c(Cl)cc21
52946974.0,CSc1nc(NCc2ccccc2)c(C#N)c(Nc2ccc(S(N)(=O)=O)cc2)n1,CSc1nc(NCc2ccccc2)c(C#N)c(Nc2ccc(S(N)(=O)=O)cc2)n1,52946974.0,CSc1nc(NCc2ccccc2)c(C#N)c(Nc2ccc(S(N)(=O)=O)cc2)n1
23657547.0,CC[C@@H](C)[C@H](N)C(=O)N1Cc2ccccc2C1P(=O)(Oc1ccc(NC(C)=O)cc1)Oc1ccc(NC(C)=O)cc1,CC[C@@H](C)[C@H](N)C(=O)N1Cc2ccccc2C1P(=O)(Oc1ccc(NC(C)=O)cc1)Oc1ccc(NC(C)=O)cc1,23657547.0,CC[C@@H](C)[C@H](N)C(=O)N1Cc2ccccc2C1P(=O)(Oc1ccc(NC(C)=O)cc1)Oc1ccc(NC(C)=O)cc1
49843538.0,NS(=O)(=O)c1cc(C(=O)CSc2nc3cc4c(cc3[nH]2)OCCO4)ccc1Cl,NS(=O)(=O)c1cc(C(=O)CSc2nc3cc4c(cc3[nH]2)OCCO4)ccc1Cl,49843538.0,NS(=O)(=O)c1cc(C(=O)CSc2nc3cc4c(cc3[nH]2)OCCO4)ccc1Cl
71584457.0,NS(=O)(=O)c1c(F)c(F)c(Sc2nc(-c3ccccc3)c(-c3ccccc3)[nH]2)c(F)c1F,NS(=O)(=O)c1c(F)c(F)c(Sc2nc(-c3ccccc3)c(-c3ccccc3)[nH]2)c(F)c1F,71584457.0,NS(=O)(=O)c1c(F)c(F)c(Sc2nc(-c3ccccc3)c(-c3ccccc3)[nH]2)c(F)c1F
16132180.0,CC[C@H](C)[C@H](NC(=O)[C@H](C)NC(=O)[C@H](Cc1cnc[nH]1)NC(=O)[C@@H]1CCCN1C(=O)CNC(=O)[C@H](CC(C)C)NC(=O)[C@H](CC(C)C)NC(=O)[C@H](Cc1ccc(O)cc1)NC(=O)CNC(=O)[C@H](C)NC(=O)[C@H](CO)NC(=O)[C@H](CC(N)=O)NC(=O)[C@H](CC(C)C)NC(=O)[C@@H](NC(=O)[C@H](Cc1c[nH]c2ccccc12)NC(=O)CN)[C@@H](C)O)C(=O)O,CC[C@H](C)[C@H](NC(=O)[C@H](C)NC(=O)[C@H](Cc1cnc[nH]1)NC(=O)[C@@H]1CCCN1C(=O)CNC(=O)[C@H](CC(C)C)NC(=O)[C@H](CC(C)C)NC(=O)[C@H](Cc1ccc(O)cc1)NC(=O)CNC(=O)[C@H](C)NC(=O)[C@H](CO)NC(=O)[C@H](CC(N)=O)NC(=O)[C@H](CC(C)C)NC(=O)[C@@H](NC(=O)[C@H](Cc1c[nH]c2ccccc12)NC(=O)CN)[C@@H](C)O)C(=O)O,16132180.0,CC[C@H](C)[C@H](NC(=O)[C@H](C)NC(=O)[C@H](Cc1cnc[nH]1)NC(=O)[C@@H]1CCCN1C(=O)CNC(=O)[C@H](CC(C)C)NC(=O)[C@H](CC(C)C)NC(=O)[C@H](Cc1ccc(O)cc1)NC(=O)CNC(=O)[C@H](C)NC(=O)[C@H](CO)NC(=O)[C@H](CC(N)=O)NC(=O)[C@H](CC(C)C)NC(=O)[C@@H](NC(=O)[C@H](Cc1c[nH]c2ccccc12)NC(=O)CN)[C@@H](C)O)C(=O)O
44585822.0,CC(C)C[C@@H](C(=O)N[C@@H](Cc1ccc(O)cc1)C(=O)N1CCC[C@H]1C(=O)N[C@@H](CS)C(=O)O)N(C)C(=O)CN(C)C(=O)CNC(=O)[C@H](Cc1ccccc1)NC(=O)[C@H](Cc1ccncc1)NC(=O)CNC(=O)[C@@H](NC(=O)[C@@H](NC(=O)[C@H](Cc1ccccc1)NC(=O)[C@@H](N)CCCN=C(N)N)C(C)(C)S)[C@@H](C)O,CC(C)C[C@@H](C(=O)N[C@@H](Cc1ccc(O)cc1)C(=O)N1CCC[C@H]1C(=O)N[C@@H](CS)C(=O)O)N(C)C(=O)CN(C)C(=O)CNC(=O)[C@H](Cc1ccccc1)NC(=O)[C@H](Cc1ccncc1)NC(=O)CNC(=O)[C@@H](NC(=O)[C@@H](NC(=O)[C@H](Cc1ccccc1)NC(=O)[C@@H](N)CCCN=C(N)N)C(C)(C)S)[C@@H](C)O,44585822.0,CC(C)C[C@@H](C(=O)N[C@@H](Cc1ccc(O)cc1)C(=O)N1CCC[C@H]1C(=O)N[C@@H](CS)C(=O)O)N(C)C(=O)CN(C)C(=O)CNC(=O)[C@H](Cc1ccccc1)NC(=O)[C@H](Cc1ccncc1)NC(=O)CNC(=O)[C@@H](NC(=O)[C@@H](NC(=O)[C@H](Cc1ccccc1)NC(=O)[C@@H](N)CCCN=C(N)N)C(C)(C)S)[C@@H](C)O
3025918.0,Cc1cc2c(cc1Sc1ccc(C(=O)O)cc1)C(C)(C)CCC2(C)C,Cc1cc2c(cc1Sc1ccc(C(=O)O)cc1)C(C)(C)CCC2(C)C,3025918.0,Cc1cc2c(cc1Sc1ccc(C(=O)O)cc1)C(C)(C)CCC2(C)C
137657709.0,OC[C@H]1O[C@@H](SS[C@@H]2O[C@H](CO)[C@H](O)[C@H](n3cc(-c4ccc(F)c(F)c4)nn3)[C@H]2O)[C@H](O)[C@@H](n2cc(-c3ccc(F)c(F)c3)nn2)[C@H]1O,OC[C@H]1O[C@@H](SS[C@@H]2O[C@H](CO)[C@H](O)[C@H](n3cc(-c4ccc(F)c(F)c4)nn3)[C@H]2O)[C@H](O)[C@@H](n2cc(-c3ccc(F)c(F)c3)nn2)[C@H]1O,137657709.0,OC[C@H]1O[C@@H](SS[C@@H]2O[C@H](CO)[C@H](O)[C@H](n3cc(-c4ccc(F)c(F)c4)nn3)[C@H]2O)[C@H](O)[C@@H](n2cc(-c3ccc(F)c(F)c3)nn2)[C@H]1O
73776943.0,NC(=O)c1cccc2c1C(=O)N(C1CCN(Cc3ccoc3)CC1)C2,NC(=O)c1cccc2c1C(=O)N(C1CCN(Cc3ccoc3)CC1)C2,73776943.0,NC(=O)c1cccc2c1C(=O)N(C1CCN(Cc3ccoc3)CC1)C2
4437.0,O=S(=O)([O-])c1ccc2c(S(=O)(=O)[O-])cc(S(=O)(=O)[O-])cc2c1,O=S(=O)([O-])c1ccc2c(S(=O)(=O)[O-])cc(S(=O)(=O)[O-])cc2c1,4437.0,O=S(=O)([O-])c1ccc2c(S(=O)(=O)[O-])cc(S(=O)(=O)[O-])cc2c1
5738263.0,O=c1c2ccccc2nc(/C=C/c2cccnc2)n1Cc1ccccc1,O=c1c2ccccc2nc(/C=C/c2cccnc2)n1Cc1ccccc1,5738263.0,O=c1c2ccccc2nc(/C=C/c2cccnc2)n1Cc1ccccc1
70683113.0,Nc1ccc2cc(-c3ccccc3C(F)(F)F)ccc2n1,Nc1ccc2cc(-c3ccccc3C(F)(F)F)ccc2n1,70683113.0,Nc1ccc2cc(-c3ccccc3C(F)(F)F)ccc2n1
25164462.0,COc1ccc(Nc2nc3cc(C(=O)O)ccc3n2Cc2ccccc2OC)cc1,COc1ccc(Nc2nc3cc(C(=O)O)ccc3n2Cc2ccccc2OC)cc1,25164462.0,COc1ccc(Nc2nc3cc(C(=O)O)ccc3n2Cc2ccccc2OC)cc1
3038525.0,O=c1ncn2nc(Sc3ccc(F)cc3F)ccc2c1-c1c(Cl)cccc1Cl,O=c1ncn2nc(Sc3ccc(F)cc3F)ccc2c1-c1c(Cl)cccc1Cl,3038525.0,O=c1ncn2nc(Sc3ccc(F)cc3F)ccc2c1-c1c(Cl)cccc1Cl
797980.0,CC(C)c1ccc(OCC(=O)N2CCOCC2)cc1,CC(C)c1ccc(OCC(=O)N2CCOCC2)cc1,797980.0,CC(C)c1ccc(OCC(=O)N2CCOCC2)cc1
16423982.0,Nc1nc(Nc2cccc(C(F)(F)F)c2)c2[nH]cnc2n1,Nc1nc(Nc2cccc(C(F)(F)F)c2)c2[nH]cnc2n1,16423982.0,Nc1nc(Nc2cccc(C(F)(F)F)c2)c2[nH]cnc2n1
137660322.0,NC(=O)C[C@@H]1NC(=O)[C@H](CC(=O)O)NC(=O)[C@H](Cc2ccc(O)cc2)NC(=O)CNC(=O)[C@H](CCC(=O)O)NC(=O)[C@H](Cc2ccccc2)NC(=O)[C@@H]2CCC(=O)NCCCC[C@H](NC1=O)C(=O)N[C@H](C(N)=O)CSCC(=O)N2,NC(=O)C[C@@H]1NC(=O)[C@H](CC(=O)O)NC(=O)[C@H](Cc2ccc(O)cc2)NC(=O)CNC(=O)[C@H](CCC(=O)O)NC(=O)[C@H](Cc2ccccc2)NC(=O)[C@@H]2CCC(=O)NCCCC[C@H](NC1=O)C(=O)N[C@H](C(N)=O)CSCC(=O)N2,137660322.0,NC(=O)C[C@@H]1NC(=O)[C@H](CC(=O)O)NC(=O)[C@H](Cc2ccc(O)cc2)NC(=O)CNC(=O)[C@H](CCC(=O)O)NC(=O)[C@H](Cc2ccccc2)NC(=O)[C@@H]2CCC(=O)NCCCC[C@H](NC1=O)C(=O)N[C@H](C(N)=O)CSCC(=O)N2
11495719.0,Cc1ccccc1-c1nc(CCC2CCCCC2)c(C(=O)Nc2cccc(C(=O)O)c2)[nH]1,Cc1ccccc1-c1nc(CCC2CCCCC2)c(C(=O)Nc2cccc(C(=O)O)c2)[nH]1,11495719.0,Cc1ccccc1-c1nc(CCC2CCCCC2)c(C(=O)Nc2cccc(C(=O)O)c2)[nH]1
9870830.0,COc1ccc(C2(O)OC(=O)C(c3ccc4c(c3)OCO4)=C2Cc2cc(OC)c(OC)c(OC)c2)cc1,COc1ccc(C2(O)OC(=O)C(c3ccc4c(c3)OCO4)=C2Cc2cc(OC)c(OC)c(OC)c2)cc1,9870830.0,COc1ccc(C2(O)OC(=O)C(c3ccc4c(c3)OCO4)=C2Cc2cc(OC)c(OC)c(OC)c2)cc1
10645469.0,O=C(CCCN1CCN(CC2CC(=O)c3ccsc3C2)CC1)c1ccc(F)cc1,O=C(CCCN1CCN(CC2CC(=O)c3ccsc3C2)CC1)c1ccc(F)cc1,10645469.0,O=C(CCCN1CCN(CC2CC(=O)c3ccsc3C2)CC1)c1ccc(F)cc1
137656193.0,Cc1cc(COc2cc(OS(=O)(=O)[O-])cc3oc(-c4ccc(OS(=O)(=O)[O-])cc4)cc(=O)c23)c(C)cc1COc1cc(OS(=O)(=O)[O-])cc2oc(-c3ccc(OS(=O)(=O)[O-])cc3)cc(=O)c12.[Na+].[Na+].[Na+].[Na+],Cc1cc(COc2cc(OS(=O)(=O)[O-])cc3oc(-c4ccc(OS(=O)(=O)[O-])cc4)cc(=O)c23)c(C)cc1COc1cc(OS(=O)(=O)[O-])cc2oc(-c3ccc(OS(=O)(=O)[O-])cc3)cc(=O)c12.[Na+].[Na+].[Na+].[Na+],137656193.0,Cc1cc(COc2cc(OS(=O)(=O)[O-])cc3oc(-c4ccc(OS(=O)(=O)[O-])cc4)cc(=O)c23)c(C)cc1COc1cc(OS(=O)(=O)[O-])cc2oc(-c3ccc(OS(=O)(=O)[O-])cc3)cc(=O)c12.[Na+].[Na+].[Na+].[Na+]
25090771.0,CC(C)C[C@@H](C(=O)N[C@@H](Cc1ccc(O)cc1)C(=O)N1CCC[C@H]1C(=O)N[C@@H](CS)C(=O)O)N(C)C(=O)CN(C)C(=O)CNC(=O)[C@H](Cc1ccccc1)NC(=O)[C@H](Cc1cnc[nH]1)NC(=O)CNC(=O)[C@@H](NC(=O)[C@@H](NC(=O)[C@H](Cc1ccccc1)NC(=O)[C@@H](N)CCCN=C(N)N)C(C)(C)S)[C@@H](C)O,CC(C)C[C@@H](C(=O)N[C@@H](Cc1ccc(O)cc1)C(=O)N1CCC[C@H]1C(=O)N[C@@H](CS)C(=O)O)N(C)C(=O)CN(C)C(=O)CNC(=O)[C@H](Cc1ccccc1)NC(=O)[C@H](Cc1cnc[nH]1)NC(=O)CNC(=O)[C@@H](NC(=O)[C@@H](NC(=O)[C@H](Cc1ccccc1)NC(=O)[C@@H](N)CCCN=C(N)N)C(C)(C)S)[C@@H](C)O,25090771.0,CC(C)C[C@@H](C(=O)N[C@@H](Cc1ccc(O)cc1)C(=O)N1CCC[C@H]1C(=O)N[C@@H](CS)C(=O)O)N(C)C(=O)CN(C)C(=O)CNC(=O)[C@H](Cc1ccccc1)NC(=O)[C@H](Cc1cnc[nH]1)NC(=O)CNC(=O)[C@@H](NC(=O)[C@@H](NC(=O)[C@H](Cc1ccccc1)NC(=O)[C@@H](N)CCCN=C(N)N)C(C)(C)S)[C@@H](C)O
44381395.0,CC(C)NCC(O)COC1=CC(=O)C(=O)c2ccccc21,CC(C)NCC(O)COC1=CC(=O)C(=O)c2ccccc21,44381395.0,CC(C)NCC(O)COC1=CC(=O)C(=O)c2ccccc21
137632583.0,OC[C@H]1O[C@@H](SS[C@@H]2O[C@H](CO)[C@H](O)[C@H](n3cc(-c4ccc(F)cc4)nn3)[C@H]2O)[C@H](O)[C@@H](n2cc(-c3ccc(F)cc3)nn2)[C@H]1O,OC[C@H]1O[C@@H](SS[C@@H]2O[C@H](CO)[C@H](O)[C@H](n3cc(-c4ccc(F)cc4)nn3)[C@H]2O)[C@H](O)[C@@H](n2cc(-c3ccc(F)cc3)nn2)[C@H]1O,137632583.0,OC[C@H]1O[C@@H](SS[C@@H]2O[C@H](CO)[C@H](O)[C@H](n3cc(-c4ccc(F)cc4)nn3)[C@H]2O)[C@H](O)[C@@H](n2cc(-c3ccc(F)cc3)nn2)[C@H]1O
444795.0,CC1=C(/C=C/C(C)=C/C=C/C(C)=C/C(=O)O)C(C)(C)CCC1,CC1=C(/C=C/C(C)=C/C=C/C(C)=C/C(=O)O)C(C)(C)CCC1,444795.0,CC1=C(/C=C/C(C)=C/C=C/C(C)=C/C(=O)O)C(C)(C)CCC1
44243475.0,COc1cc2ncnc(Oc3cccc(NC(=O)Nc4cc(C(=O)N5CCOCC5)cc(C(F)(F)F)c4)c3)c2cc1OC,COc1cc2ncnc(Oc3cccc(NC(=O)Nc4cc(C(=O)N5CCOCC5)cc(C(F)(F)F)c4)c3)c2cc1OC,44243475.0,COc1cc2ncnc(Oc3cccc(NC(=O)Nc4cc(C(=O)N5CCOCC5)cc(C(F)(F)F)c4)c3)c2cc1OC
6539283.0,Cc1nc(C)c(-c2ccnc(Nc3ccc(Cl)cc3)n2)s1,Cc1nc(C)c(-c2ccnc(Nc3ccc(Cl)cc3)n2)s1,6539283.0,Cc1nc(C)c(-c2ccnc(Nc3ccc(Cl)cc3)n2)s1
50943164.0,NC(=O)c1cccc2c1C(=O)N(C1CCN(Cc3cccc(C(F)(F)F)c3)CC1)C2,NC(=O)c1cccc2c1C(=O)N(C1CCN(Cc3cccc(C(F)(F)F)c3)CC1)C2,50943164.0,NC(=O)c1cccc2c1C(=O)N(C1CCN(Cc3cccc(C(F)(F)F)c3)CC1)C2
56846693.0,COc1cc2ncnc(Oc3cccc(NC(=O)Nc4cc(C(C)(C)C(F)(F)F)on4)c3)c2cc1OC,COc1cc2ncnc(Oc3cccc(NC(=O)Nc4cc(C(C)(C)C(F)(F)F)on4)c3)c2cc1OC,56846693.0,COc1cc2ncnc(Oc3cccc(NC(=O)Nc4cc(C(C)(C)C(F)(F)F)on4)c3)c2cc1OC
78044728.0,CN1CCC(n2[nH]c3cccc(C(N)=O)c3c2=O)CC1,CN1CCC(n2[nH]c3cccc(C(N)=O)c3c2=O)CC1,78044728.0,CN1CCC(n2[nH]c3cccc(C(N)=O)c3c2=O)CC1
56962369.0,Cc1c[nH]c2ncnc(N3CCC(CN)(C(=O)Nc4cccc(OC(=O)N(C)C)c4)CC3)c12,Cc1c[nH]c2ncnc(N3CCC(CN)(C(=O)Nc4cccc(OC(=O)N(C)C)c4)CC3)c12,56962369.0,Cc1c[nH]c2ncnc(N3CCC(CN)(C(=O)Nc4cccc(OC(=O)N(C)C)c4)CC3)c12
44314829.0,C=CC[C@@H]1/C=C(\C)C[C@H](C)C[C@H](OC)[C@@H](O)[C@@H](OC)C[C@@H](C)c2ncoc2C(=O)N2CCCC[C@H]2C(=O)O[C@H](/C(C)=C/[C@@H]2CC[C@@H](O)[C@H](OC)C2)[C@H](C)C(O)CC1=O,C=CC[C@@H]1/C=C(\C)C[C@H](C)C[C@H](OC)[C@@H](O)[C@@H](OC)C[C@@H](C)c2ncoc2C(=O)N2CCCC[C@H]2C(=O)O[C@H](/C(C)=C/[C@@H]2CC[C@@H](O)[C@H](OC)C2)[C@H](C)C(O)CC1=O,44314829.0,C=CC[C@@H]1/C=C(\C)C[C@H](C)C[C@H](OC)[C@@H](O)[C@@H](OC)C[C@@H](C)c2ncoc2C(=O)N2CCCC[C@H]2C(=O)O[C@H](/C(C)=C/[C@@H]2CC[C@@H](O)[C@H](OC)C2)[C@H](C)C(O)CC1=O
91929988.0,O=P([O-])([O-])OC[C@H]1O[C@H](O[C@@H]2[C@H](OS(=O)(=O)[O-])[C@@H](O[C@@H]3[C@H](OS(=O)(=O)[O-])[C@@H](O[C@@H]4[C@H](OS(=O)(=O)[O-])[C@@H](O[C@@H]5[C@@H](OS(=O)(=O)[O-])O[C@H](COS(=O)(=O)[O-])[C@@H](OS(=O)(=O)[O-])[C@@H]5OS(=O)(=O)[O-])O[C@H](COS(=O)(=O)[O-])[C@H]4OS(=O)(=O)[O-])O[C@H](COS(=O)(=O)[O-])[C@H]3OS(=O)(=O)[O-])O[C@H](COS(=O)(=O)[O-])[C@H]2OS(=O)(=O)[O-])[C@@H](OS(=O)(=O)[O-])[C@@H](OS(=O)(=O)[O-])[C@@H]1OS(=O)(=O)[O-],O=P([O-])([O-])OC[C@H]1O[C@H](O[C@@H]2[C@H](OS(=O)(=O)[O-])[C@@H](O[C@@H]3[C@H](OS(=O)(=O)[O-])[C@@H](O[C@@H]4[C@H](OS(=O)(=O)[O-])[C@@H](O[C@@H]5[C@@H](OS(=O)(=O)[O-])O[C@H](COS(=O)(=O)[O-])[C@@H](OS(=O)(=O)[O-])[C@@H]5OS(=O)(=O)[O-])O[C@H](COS(=O)(=O)[O-])[C@H]4OS(=O)(=O)[O-])O[C@H](COS(=O)(=O)[O-])[C@H]3OS(=O)(=O)[O-])O[C@H](COS(=O)(=O)[O-])[C@H]2OS(=O)(=O)[O-])[C@@H](OS(=O)(=O)[O-])[C@@H](OS(=O)(=O)[O-])[C@@H]1OS(=O)(=O)[O-],91929988.0,O=P([O-])([O-])OC[C@H]1O[C@H](O[C@@H]2[C@H](OS(=O)(=O)[O-])[C@@H](O[C@@H]3[C@H](OS(=O)(=O)[O-])[C@@H](O[C@@H]4[C@H](OS(=O)(=O)[O-])[C@@H](O[C@@H]5[C@@H](OS(=O)(=O)[O-])O[C@H](COS(=O)(=O)[O-])[C@@H](OS(=O)(=O)[O-])[C@@H]5OS(=O)(=O)[O-])O[C@H](COS(=O)(=O)[O-])[C@H]4OS(=O)(=O)[O-])O[C@H](COS(=O)(=O)[O-])[C@H]3OS(=O)(=O)[O-])O[C@H](COS(=O)(=O)[O-])[C@H]2OS(=O)(=O)[O-])[C@@H](OS(=O)(=O)[O-])[C@@H](OS(=O)(=O)[O-])[C@@H]1OS(=O)(=O)[O-]
58267848.0,COc1cc2ncnc(Sc3cccc(NC(=O)Nc4cc(C(C)(C)C)on4)c3)c2cc1OCCCN1CCN(C)CC1,COc1cc2ncnc(Sc3cccc(NC(=O)Nc4cc(C(C)(C)C)on4)c3)c2cc1OCCCN1CCN(C)CC1,58267848.0,COc1cc2ncnc(Sc3cccc(NC(=O)Nc4cc(C(C)(C)C)on4)c3)c2cc1OCCCN1CCN(C)CC1
91935189.0,CC(C)C[C@H](NC(=O)CNC(=O)CNC(=O)[C@H](C)NC(=O)[C@H](Cc1cnc[nH]1)NC(=O)CNC(=O)[C@@H](NC(=O)[C@H](CS)NC(=O)[C@H](Cc1ccccc1)NC(=O)[C@H](CCCN=C(N)N)NC(=O)[C@@H](N)CCC(N)=O)[C@@H](C)O)C(=O)N[C@@H](Cc1ccc(O)cc1)C(=O)N1CCC[C@H]1C(=O)N[C@@H](CS)C(=O)N[C@@H](CC(N)=O)C(=O)NCC(=O)N1CCC[C@H]1C(=O)O,CC(C)C[C@H](NC(=O)CNC(=O)CNC(=O)[C@H](C)NC(=O)[C@H](Cc1cnc[nH]1)NC(=O)CNC(=O)[C@@H](NC(=O)[C@H](CS)NC(=O)[C@H](Cc1ccccc1)NC(=O)[C@H](CCCN=C(N)N)NC(=O)[C@@H](N)CCC(N)=O)[C@@H](C)O)C(=O)N[C@@H](Cc1ccc(O)cc1)C(=O)N1CCC[C@H]1C(=O)N[C@@H](CS)C(=O)N[C@@H](CC(N)=O)C(=O)NCC(=O)N1CCC[C@H]1C(=O)O,91935189.0,CC(C)C[C@H](NC(=O)CNC(=O)CNC(=O)[C@H](C)NC(=O)[C@H](Cc1cnc[nH]1)NC(=O)CNC(=O)[C@@H](NC(=O)[C@H](CS)NC(=O)[C@H](Cc1ccccc1)NC(=O)[C@H](CCCN=C(N)N)NC(=O)[C@@H](N)CCC(N)=O)[C@@H](C)O)C(=O)N[C@@H](Cc1ccc(O)cc1)C(=O)N1CCC[C@H]1C(=O)N[C@@H](CS)C(=O)N[C@@H](CC(N)=O)C(=O)NCC(=O)N1CCC[C@H]1C(=O)O
15021875.0,COc1ccccc1N1CCN(CC2CC(=O)c3ccccc3C2)CC1,COc1ccccc1N1CCN(CC2CC(=O)c3ccccc3C2)CC1,15021875.0,COc1ccccc1N1CCN(CC2CC(=O)c3ccccc3C2)CC1
10249506.0,O=C(c1ccc(F)cc1)C1CCN(CCC2CCc3sccc3C2=O)CC1,O=C(c1ccc(F)cc1)C1CCN(CCC2CCc3sccc3C2=O)CC1,10249506.0,O=C(c1ccc(F)cc1)C1CCN(CCC2CCc3sccc3C2=O)CC1
91900373.0,CO[C@H]1O[C@H](CNC(=O)CN(C(C)=O)c2ccccc2)[C@@H](OS(=O)(=O)[O-])[C@H](OS(=O)(=O)[O-])[C@@H]1OS(=O)(=O)[O-],CO[C@H]1O[C@H](CNC(=O)CN(C(C)=O)c2ccccc2)[C@@H](OS(=O)(=O)[O-])[C@H](OS(=O)(=O)[O-])[C@@H]1OS(=O)(=O)[O-],91900373.0,CO[C@H]1O[C@H](CNC(=O)CN(C(C)=O)c2ccccc2)[C@@H](OS(=O)(=O)[O-])[C@H](OS(=O)(=O)[O-])[C@@H]1OS(=O)(=O)[O-]
137655629.0,CCCCNC(=O)c1cn([C@@H]2[C@@H](O)[C@H](SS[C@@H]3O[C@H](CO)[C@H](O)[C@H](OCc4cc5c(F)c(F)ccc5oc4=O)[C@H]3O)O[C@H](CO)[C@@H]2O)nn1,CCCCNC(=O)c1cn([C@@H]2[C@@H](O)[C@H](SS[C@@H]3O[C@H](CO)[C@H](O)[C@H](OCc4cc5c(F)c(F)ccc5oc4=O)[C@H]3O)O[C@H](CO)[C@@H]2O)nn1,137655629.0,CCCCNC(=O)c1cn([C@@H]2[C@@H](O)[C@H](SS[C@@H]3O[C@H](CO)[C@H](O)[C@H](OCc4cc5c(F)c(F)ccc5oc4=O)[C@H]3O)O[C@H](CO)[C@@H]2O)nn1
44350865.0,CCOP(=O)(CNC(=O)[C@H](C)NC(=O)CCC(=O)O)N1CCCC1C(=O)N[C@@H](Cc1ccccc1)C(=O)Nc1ccc([N+](=O)[O-])cc1,CCOP(=O)(CNC(=O)[C@H](C)NC(=O)CCC(=O)O)N1CCCC1C(=O)N[C@@H](Cc1ccccc1)C(=O)Nc1ccc([N+](=O)[O-])cc1,44350865.0,CCOP(=O)(CNC(=O)[C@H](C)NC(=O)CCC(=O)O)N1CCCC1C(=O)N[C@@H](Cc1ccccc1)C(=O)Nc1ccc([N+](=O)[O-])cc1
58267914.0,COCCOc1cc2ncnc(Sc3cccc(NC(=O)Nc4ccc(C(F)(F)F)c(F)c4)c3)c2cc1OC,COCCOc1cc2ncnc(Sc3cccc(NC(=O)Nc4ccc(C(F)(F)F)c(F)c4)c3)c2cc1OC,58267914.0,COCCOc1cc2ncnc(Sc3cccc(NC(=O)Nc4ccc(C(F)(F)F)c(F)c4)c3)c2cc1OC
3025917.0,CC1(C)CCC(C)(C)c2cc(Sc3ccc(C(=O)O)cc3)ccc21,CC1(C)CCC(C)(C)c2cc(Sc3ccc(C(=O)O)cc3)ccc21,3025917.0,CC1(C)CCC(C)(C)c2cc(Sc3ccc(C(=O)O)cc3)ccc21
137661995.0,NC(=O)c1cccnc1Nc1nc(-c2ccc3c(c2)OCO3)cc2nccn12,NC(=O)c1cccnc1Nc1nc(-c2ccc3c(c2)OCO3)cc2nccn12,137661995.0,NC(=O)c1cccnc1Nc1nc(-c2ccc3c(c2)OCO3)cc2nccn12
91935199.0,CC(C)C[C@H](NC(=O)CNC(=O)CNC(=O)[C@H](Cc1ccccc1)NC(=O)[C@H](Cc1cnc[nH]1)NC(=O)CNC(=O)[C@@H](NC(=O)[C@H](CS)NC(=O)[C@H](Cc1ccccc1)NC(=O)[C@H](CCCN=C(N)N)NC(=O)[C@@H](N)CCC(N)=O)[C@@H](C)O)C(=O)N[C@@H](Cc1ccc(O)cc1)C(=O)N1CCC[C@H]1C(=O)N[C@H](CS)C(=O)N[C@@H](CC(N)=O)C(=O)NCC(=O)N1CCC[C@H]1C(=O)O,CC(C)C[C@H](NC(=O)CNC(=O)CNC(=O)[C@H](Cc1ccccc1)NC(=O)[C@H](Cc1cnc[nH]1)NC(=O)CNC(=O)[C@@H](NC(=O)[C@H](CS)NC(=O)[C@H](Cc1ccccc1)NC(=O)[C@H](CCCN=C(N)N)NC(=O)[C@@H](N)CCC(N)=O)[C@@H](C)O)C(=O)N[C@@H](Cc1ccc(O)cc1)C(=O)N1CCC[C@H]1C(=O)N[C@H](CS)C(=O)N[C@@H](CC(N)=O)C(=O)NCC(=O)N1CCC[C@H]1C(=O)O,91935199.0,CC(C)C[C@H](NC(=O)CNC(=O)CNC(=O)[C@H](Cc1ccccc1)NC(=O)[C@H](Cc1cnc[nH]1)NC(=O)CNC(=O)[C@@H](NC(=O)[C@H](CS)NC(=O)[C@H](Cc1ccccc1)NC(=O)[C@H](CCCN=C(N)N)NC(=O)[C@@H](N)CCC(N)=O)[C@@H](C)O)C(=O)N[C@@H](Cc1ccc(O)cc1)C(=O)N1CCC[C@H]1C(=O)N[C@H](CS)C(=O)N[C@@H](CC(N)=O)C(=O)NCC(=O)N1CCC[C@H]1C(=O)O
11728093.0,NS(=O)(=O)c1ccc(NN=C2C(=O)Nc3ccc(C(=O)O)cc32)cc1,NS(=O)(=O)c1ccc(NN=C2C(=O)Nc3ccc(C(=O)O)cc32)cc1,11728093.0,NS(=O)(=O)c1ccc(NN=C2C(=O)Nc3ccc(C(=O)O)cc32)cc1
91935181.0,CC(C)C[C@H](NC(=O)CNC(=O)CNC(=O)[C@H](Cc1ccccc1)NC(=O)[C@H](Cc1cnc[nH]1)NC(=O)CNC(=O)[C@@H](NC(=O)[C@H](CS)NC(=O)[C@H](Cc1ccccc1)NC(=O)[C@H](CCCN=C(N)N)NC(=O)[C@@H](N)CCC(N)=O)[C@@H](C)O)C(=O)N[C@@H](Cc1ccc(O)cc1)C(=O)N1CCC[C@H]1C(=O)N[C@@H](CS)C(=O)O,CC(C)C[C@H](NC(=O)CNC(=O)CNC(=O)[C@H](Cc1ccccc1)NC(=O)[C@H](Cc1cnc[nH]1)NC(=O)CNC(=O)[C@@H](NC(=O)[C@H](CS)NC(=O)[C@H](Cc1ccccc1)NC(=O)[C@H](CCCN=C(N)N)NC(=O)[C@@H](N)CCC(N)=O)[C@@H](C)O)C(=O)N[C@@H](Cc1ccc(O)cc1)C(=O)N1CCC[C@H]1C(=O)N[C@@H](CS)C(=O)O,91935181.0,CC(C)C[C@H](NC(=O)CNC(=O)CNC(=O)[C@H](Cc1ccccc1)NC(=O)[C@H](Cc1cnc[nH]1)NC(=O)CNC(=O)[C@@H](NC(=O)[C@H](CS)NC(=O)[C@H](Cc1ccccc1)NC(=O)[C@H](CCCN=C(N)N)NC(=O)[C@@H](N)CCC(N)=O)[C@@H](C)O)C(=O)N[C@@H](Cc1ccc(O)cc1)C(=O)N1CCC[C@H]1C(=O)N[C@@H](CS)C(=O)O
10316839.0,COc1cc2c(cc1C(=O)c1ccc(C(=O)O)cc1)C(C)(C)CCC2(C)C,COc1cc2c(cc1C(=O)c1ccc(C(=O)O)cc1)C(C)(C)CCC2(C)C,10316839.0,COc1cc2c(cc1C(=O)c1ccc(C(=O)O)cc1)C(C)(C)CCC2(C)C
91935177.0,CC(C)C[C@H](NC(=O)CNC(=O)CNC(=O)[C@H](Cc1ccccc1)NC(=O)[C@H](Cc1cnc[nH]1)NC(=O)CNC(=O)[C@@H](NC(=O)[C@@H](NC(=O)[C@H](Cc1ccccc1)NC(=O)[C@H](CCCN=C(N)N)NC(=O)[C@@H](N)CCC(N)=O)C(C)(C)S)[C@@H](C)O)C(=O)N[C@@H](Cc1ccc(F)cc1)C(=O)N1CCC[C@H]1C(=O)N[C@@H](CS)C(=O)N[C@@H](CC(N)=O)C(=O)NCC(=O)N1CCC[C@H]1C(=O)O,CC(C)C[C@H](NC(=O)CNC(=O)CNC(=O)[C@H](Cc1ccccc1)NC(=O)[C@H](Cc1cnc[nH]1)NC(=O)CNC(=O)[C@@H](NC(=O)[C@@H](NC(=O)[C@H](Cc1ccccc1)NC(=O)[C@H](CCCN=C(N)N)NC(=O)[C@@H](N)CCC(N)=O)C(C)(C)S)[C@@H](C)O)C(=O)N[C@@H](Cc1ccc(F)cc1)C(=O)N1CCC[C@H]1C(=O)N[C@@H](CS)C(=O)N[C@@H](CC(N)=O)C(=O)NCC(=O)N1CCC[C@H]1C(=O)O,91935177.0,CC(C)C[C@H](NC(=O)CNC(=O)CNC(=O)[C@H](Cc1ccccc1)NC(=O)[C@H](Cc1cnc[nH]1)NC(=O)CNC(=O)[C@@H](NC(=O)[C@@H](NC(=O)[C@H](Cc1ccccc1)NC(=O)[C@H](CCCN=C(N)N)NC(=O)[C@@H](N)CCC(N)=O)C(C)(C)S)[C@@H](C)O)C(=O)N[C@@H](Cc1ccc(F)cc1)C(=O)N1CCC[C@H]1C(=O)N[C@@H](CS)C(=O)N[C@@H](CC(N)=O)C(=O)NCC(=O)N1CCC[C@H]1C(=O)O
91935239.0,CC(C)C[C@H](NC(=O)[C@@H](C)NC(=O)[C@@H](Cc1ccccc1)NC(=O)[C@H](Cc1ccccc1)NC(=O)[C@H](Cc1cnc[nH]1)NC(=O)CNC(=O)[C@@H](NC(=O)[C@@H](NC(=O)[C@H](Cc1ccccc1)NC(=O)[C@H](CCCN=C(N)N)NC(=O)[C@@H](N)CCC(N)=O)C(C)(C)S)[C@@H](C)O)C(=O)N[C@@H](Cc1ccc(O)cc1)C(=O)N1CCC[C@H]1C(=O)N[C@@H](CS)C(=O)N[C@@H](CC(N)=O)C(=O)NCC(=O)N1CCC[C@H]1C(=O)O,CC(C)C[C@H](NC(=O)[C@@H](C)NC(=O)[C@@H](Cc1ccccc1)NC(=O)[C@H](Cc1ccccc1)NC(=O)[C@H](Cc1cnc[nH]1)NC(=O)CNC(=O)[C@@H](NC(=O)[C@@H](NC(=O)[C@H](Cc1ccccc1)NC(=O)[C@H](CCCN=C(N)N)NC(=O)[C@@H](N)CCC(N)=O)C(C)(C)S)[C@@H](C)O)C(=O)N[C@@H](Cc1ccc(O)cc1)C(=O)N1CCC[C@H]1C(=O)N[C@@H](CS)C(=O)N[C@@H](CC(N)=O)C(=O)NCC(=O)N1CCC[C@H]1C(=O)O,91935239.0,CC(C)C[C@H](NC(=O)[C@@H](C)NC(=O)[C@@H](Cc1ccccc1)NC(=O)[C@H](Cc1ccccc1)NC(=O)[C@H](Cc1cnc[nH]1)NC(=O)CNC(=O)[C@@H](NC(=O)[C@@H](NC(=O)[C@H](Cc1ccccc1)NC(=O)[C@H](CCCN=C(N)N)NC(=O)[C@@H](N)CCC(N)=O)C(C)(C)S)[C@@H](C)O)C(=O)N[C@@H](Cc1ccc(O)cc1)C(=O)N1CCC[C@H]1C(=O)N[C@@H](CS)C(=O)N[C@@H](CC(N)=O)C(=O)NCC(=O)N1CCC[C@H]1C(=O)O
91935202.0,CC(C)C[C@H](NC(=O)CNC(=O)CNC(=O)[C@H](Cc1ccccc1)NC(=O)[C@H](Cc1cnc[nH]1)NC(=O)CNC(=O)[C@@H](NC(=O)[C@H](CS)NC(=O)[C@H](Cc1ccccc1)NC(=O)[C@H](CCCN=C(N)N)NC(=O)[C@@H](N)CCC(N)=O)[C@@H](C)O)C(=O)N[C@@H](Cc1ccc(O)cc1)C(=O)N1CCC[C@H]1C(=O)N[C@H](C(=O)N[C@@H](CC(N)=O)C(=O)NCC(=O)N1CCC[C@H]1C(=O)O)C(C)(C)S,CC(C)C[C@H](NC(=O)CNC(=O)CNC(=O)[C@H](Cc1ccccc1)NC(=O)[C@H](Cc1cnc[nH]1)NC(=O)CNC(=O)[C@@H](NC(=O)[C@H](CS)NC(=O)[C@H](Cc1ccccc1)NC(=O)[C@H](CCCN=C(N)N)NC(=O)[C@@H](N)CCC(N)=O)[C@@H](C)O)C(=O)N[C@@H](Cc1ccc(O)cc1)C(=O)N1CCC[C@H]1C(=O)N[C@H](C(=O)N[C@@H](CC(N)=O)C(=O)NCC(=O)N1CCC[C@H]1C(=O)O)C(C)(C)S,91935202.0,CC(C)C[C@H](NC(=O)CNC(=O)CNC(=O)[C@H](Cc1ccccc1)NC(=O)[C@H](Cc1cnc[nH]1)NC(=O)CNC(=O)[C@@H](NC(=O)[C@H](CS)NC(=O)[C@H](Cc1ccccc1)NC(=O)[C@H](CCCN=C(N)N)NC(=O)[C@@H](N)CCC(N)=O)[C@@H](C)O)C(=O)N[C@@H](Cc1ccc(O)cc1)C(=O)N1CCC[C@H]1C(=O)N[C@H](C(=O)N[C@@H](CC(N)=O)C(=O)NCC(=O)N1CCC[C@H]1C(=O)O)C(C)(C)S
44243260.0,COc1cc2c(Oc3cccc(NC(=O)Nc4cc(C(C)(C)C)on4)c3)ncnc2cc1OCCN1CCOCC1,COc1cc2c(Oc3cccc(NC(=O)Nc4cc(C(C)(C)C)on4)c3)ncnc2cc1OCCN1CCOCC1,44243260.0,COc1cc2c(Oc3cccc(NC(=O)Nc4cc(C(C)(C)C)on4)c3)ncnc2cc1OCCN1CCOCC1
122362584.0,COc1cc(OC)c2c(=O)[nH]c(-c3cc(C)c(OCCO)c(C)c3)nc2c1,COc1cc(OC)c2c(=O)[nH]c(-c3cc(C)c(OCCO)c(C)c3)nc2c1,122362584.0,COc1cc(OC)c2c(=O)[nH]c(-c3cc(C)c(OCCO)c(C)c3)nc2c1
121479961.0,COc1cc2ncnc(Oc3cccc(NC(=O)Nc4cc(C5(C(F)F)CC5)nn4-c4ccc(C)cc4)c3)c2cc1OC,COc1cc2ncnc(Oc3cccc(NC(=O)Nc4cc(C5(C(F)F)CC5)nn4-c4ccc(C)cc4)c3)c2cc1OC,121479961.0,COc1cc2ncnc(Oc3cccc(NC(=O)Nc4cc(C5(C(F)F)CC5)nn4-c4ccc(C)cc4)c3)c2cc1OC
24897950.0,COc1ccc(C[C@@H](C)NCCOc2ccccc2OCC(F)(F)F)cc1S(N)(=O)=O,COc1ccc(C[C@@H](C)NCCOc2ccccc2OCC(F)(F)F)cc1S(N)(=O)=O,24897950.0,COc1ccc(C[C@@H](C)NCCOc2ccccc2OCC(F)(F)F)cc1S(N)(=O)=O
71454865.0,COc1cccc(OC)c1OCCNC[C@H]1COc2cccc(O)c2O1,COc1cccc(OC)c1OCCNC[C@H]1COc2cccc(O)c2O1,71454865.0,COc1cccc(OC)c1OCCNC[C@H]1COc2cccc(O)c2O1
9998870.0,C=C(c1ccc(C(=O)O)cc1)c1cc2c(cc1OC)C(C)(C)CCC2(C)C,C=C(c1ccc(C(=O)O)cc1)c1cc2c(cc1OC)C(C)(C)CCC2(C)C,9998870.0,C=C(c1ccc(C(=O)O)cc1)c1cc2c(cc1OC)C(C)(C)CCC2(C)C
122172657.0,COc1cc2c(cc1-c1c(C)noc1C)ncc1c2n([C@H](C)c2ccccn2)c(=O)n1CC(=O)NCCOCCOCCNC(=O)C[C@@H]1N=C(c2ccc(Cl)cc2)c2c(sc(C)c2C)-n2c(C)nnc21,COc1cc2c(cc1-c1c(C)noc1C)ncc1c2n([C@H](C)c2ccccn2)c(=O)n1CC(=O)NCCOCCOCCNC(=O)C[C@@H]1N=C(c2ccc(Cl)cc2)c2c(sc(C)c2C)-n2c(C)nnc21,122172657.0,COc1cc2c(cc1-c1c(C)noc1C)ncc1c2n([C@H](C)c2ccccn2)c(=O)n1CC(=O)NCCOCCOCCNC(=O)C[C@@H]1N=C(c2ccc(Cl)cc2)c2c(sc(C)c2C)-n2c(C)nnc21
10814913.0,COc1cc2nc(N(C)CCCCCCN(C)C(=O)c3ccc(CCl)o3)nc(N)c2cc1OC,COc1cc2nc(N(C)CCCCCCN(C)C(=O)c3ccc(CCl)o3)nc(N)c2cc1OC,10814913.0,COc1cc2nc(N(C)CCCCCCN(C)C(=O)c3ccc(CCl)o3)nc(N)c2cc1OC
44588156.0,CO[C@@H]1O[C@H](CO)[C@@H](O[C@@H]2O[C@H](CO)[C@H](O)[C@H](NC(=O)c3cccc4ccccc34)[C@H]2O)[C@H](O)[C@H]1NC(C)=O,CO[C@@H]1O[C@H](CO)[C@@H](O[C@@H]2O[C@H](CO)[C@H](O)[C@H](NC(=O)c3cccc4ccccc34)[C@H]2O)[C@H](O)[C@H]1NC(C)=O,44588156.0,CO[C@@H]1O[C@H](CO)[C@@H](O[C@@H]2O[C@H](CO)[C@H](O)[C@H](NC(=O)c3cccc4ccccc34)[C@H]2O)[C@H](O)[C@H]1NC(C)=O
59053001.0,NS(=O)(=O)c1cc(C(=O)CSc2ncccn2)ccc1Cl,NS(=O)(=O)c1cc(C(=O)CSc2ncccn2)ccc1Cl,59053001.0,NS(=O)(=O)c1cc(C(=O)CSc2ncccn2)ccc1Cl
44280138.0,C[C@@H](O)[C@H](NC(=O)[C@@H]1CSSC[C@@H](NC(=O)[C@H](N)Cc2ccccc2)C(=O)N[C@@H](Cc2ccccc2)C(=O)N(C)[C@@H](Cc2c[nH]c3ccccc23)C(=O)N[C@@H](CCCCN)C(=O)N[C@@H]([C@@H](C)O)C(=O)N1)C(N)=O,C[C@@H](O)[C@H](NC(=O)[C@@H]1CSSC[C@@H](NC(=O)[C@H](N)Cc2ccccc2)C(=O)N[C@@H](Cc2ccccc2)C(=O)N(C)[C@@H](Cc2c[nH]c3ccccc23)C(=O)N[C@@H](CCCCN)C(=O)N[C@@H]([C@@H](C)O)C(=O)N1)C(N)=O,44280138.0,C[C@@H](O)[C@H](NC(=O)[C@@H]1CSSC[C@@H](NC(=O)[C@H](N)Cc2ccccc2)C(=O)N[C@@H](Cc2ccccc2)C(=O)N(C)[C@@H](Cc2c[nH]c3ccccc23)C(=O)N[C@@H](CCCCN)C(=O)N[C@@H]([C@@H](C)O)C(=O)N1)C(N)=O
5280757.0,CCC/C=C/C=C/C(=O)O[C@H]1/C(=C/C(=O)OC)C[C@H]2C[C@H]([C@@H](C)O)OC(=O)C[C@H](O)C[C@@H]3C[C@H](OC(C)=O)C(C)(C)[C@](O)(C[C@@H]4C/C(=C/C(=O)OC)C[C@H](/C=C/C(C)(C)[C@]1(O)O2)O4)O3,CCC/C=C/C=C/C(=O)O[C@H]1/C(=C/C(=O)OC)C[C@H]2C[C@H]([C@@H](C)O)OC(=O)C[C@H](O)C[C@@H]3C[C@H](OC(C)=O)C(C)(C)[C@](O)(C[C@@H]4C/C(=C/C(=O)OC)C[C@H](/C=C/C(C)(C)[C@]1(O)O2)O4)O3,5280757.0,CCC/C=C/C=C/C(=O)O[C@H]1/C(=C/C(=O)OC)C[C@H]2C[C@H]([C@@H](C)O)OC(=O)C[C@H](O)C[C@@H]3C[C@H](OC(C)=O)C(C)(C)[C@](O)(C[C@@H]4C/C(=C/C(=O)OC)C[C@H](/C=C/C(C)(C)[C@]1(O)O2)O4)O3
89943874.0,Cc1c(S(N)(=O)=O)cc2c(c1C)OC(C)(CCCC(C)C)CC2,Cc1c(S(N)(=O)=O)cc2c(c1C)OC(C)(CCCC(C)C)CC2,89943874.0,Cc1c(S(N)(=O)=O)cc2c(c1C)OC(C)(CCCC(C)C)CC2
86675848.0,NC(=O)Cc1ccccc1CCc1nc(Nc2ccc(C3CCNCC3)cc2OC(F)(F)F)ncc1C(F)(F)F,NC(=O)Cc1ccccc1CCc1nc(Nc2ccc(C3CCNCC3)cc2OC(F)(F)F)ncc1C(F)(F)F,86675848.0,NC(=O)Cc1ccccc1CCc1nc(Nc2ccc(C3CCNCC3)cc2OC(F)(F)F)ncc1C(F)(F)F
24832014.0,N#Cc1c(NCc2ccccc2)n([C@@H]2O[C@H](CO)[C@@H](O)[C@H]2O)c2ncnc(N)c12,N#Cc1c(NCc2ccccc2)n([C@@H]2O[C@H](CO)[C@@H](O)[C@H]2O)c2ncnc(N)c12,24832014.0,N#Cc1c(NCc2ccccc2)n([C@@H]2O[C@H](CO)[C@@H](O)[C@H]2O)c2ncnc(N)c12
44441885.0,COc1cccc2c1C[C@H]1C[C@@H](C(=O)N3CCN(c4cccc5nsnc45)CC3)CN(C)[C@@H]1C2,COc1cccc2c1C[C@H]1C[C@@H](C(=O)N3CCN(c4cccc5nsnc45)CC3)CN(C)[C@@H]1C2,44441885.0,COc1cccc2c1C[C@H]1C[C@@H](C(=O)N3CCN(c4cccc5nsnc45)CC3)CN(C)[C@@H]1C2
67978739.0,CO[C@H]1/C=C/C=C/CCOC(=O)[C@@H]2CCCN(N2)C(=O)[C@H](Cc2cccc(O)c2)NC(=O)[C@H](C(C)C)NC(=O)[C@H](C)[C@H](OC)[C@H]1C,CO[C@H]1/C=C/C=C/CCOC(=O)[C@@H]2CCCN(N2)C(=O)[C@H](Cc2cccc(O)c2)NC(=O)[C@H](C(C)C)NC(=O)[C@H](C)[C@H](OC)[C@H]1C,67978739.0,CO[C@H]1/C=C/C=C/CCOC(=O)[C@@H]2CCCN(N2)C(=O)[C@H](Cc2cccc(O)c2)NC(=O)[C@H](C(C)C)NC(=O)[C@H](C)[C@H](OC)[C@H]1C
3198.0,Clc1ccc(COC(Cn2ccnc2)c2ccc(Cl)cc2Cl)cc1,Clc1ccc(COC(Cn2ccnc2)c2ccc(Cl)cc2Cl)cc1,3198.0,Clc1ccc(COC(Cn2ccnc2)c2ccc(Cl)cc2Cl)cc1
44381378.0,c1coc(CNCCCCCCNCCCCCCCCNCCCCCCNCc2ccco2)c1,c1coc(CNCCCCCCNCCCCCCCCNCCCCCCNCc2ccco2)c1,44381378.0,c1coc(CNCCCCCCNCCCCCCCCNCCCCCCNCc2ccco2)c1
44371512.0,C/C(CCc1ccccc1)=N/OCC(O)CNC(C)(C)C,C/C(CCc1ccccc1)=N/OCC(O)CNC(C)(C)C,44371512.0,C/C(CCc1ccccc1)=N/OCC(O)CNC(C)(C)C
44462159.0,CN(C)C(=O)c1cccc(C(=O)c2ccc(Cl)cc2)c1C(=O)O,CN(C)C(=O)c1cccc(C(=O)c2ccc(Cl)cc2)c1C(=O)O,44462159.0,CN(C)C(=O)c1cccc(C(=O)c2ccc(Cl)cc2)c1C(=O)O
44243003.0,COCCOc1cc2ncnc(Sc3cccc(NC(=O)Nc4cc(C(F)(F)F)nn4-c4ccc(C)cc4)c3)c2cc1OC,COCCOc1cc2ncnc(Sc3cccc(NC(=O)Nc4cc(C(F)(F)F)nn4-c4ccc(C)cc4)c3)c2cc1OC,44243003.0,COCCOc1cc2ncnc(Sc3cccc(NC(=O)Nc4cc(C(F)(F)F)nn4-c4ccc(C)cc4)c3)c2cc1OC
135251923.0,CCOc1cc2ncc(C#N)c(Nc3ccc(OCc4cccc(F)c4)c(Cl)c3)c2cc1NC(=O)C(CSC(C)=O)CSC(C)=O,CCOc1cc2ncc(C#N)c(Nc3ccc(OCc4cccc(F)c4)c(Cl)c3)c2cc1NC(=O)C(CSC(C)=O)CSC(C)=O,135251923.0,CCOc1cc2ncc(C#N)c(Nc3ccc(OCc4cccc(F)c4)c(Cl)c3)c2cc1NC(=O)C(CSC(C)=O)CSC(C)=O
58267800.0,COc1cc2ncnc(Oc3cccc(NC(=O)Nc4cc(C(C)(C)C)nn4-c4ccccc4C)c3)c2cc1OC,COc1cc2ncnc(Oc3cccc(NC(=O)Nc4cc(C(C)(C)C)nn4-c4ccccc4C)c3)c2cc1OC,58267800.0,COc1cc2ncnc(Oc3cccc(NC(=O)Nc4cc(C(C)(C)C)nn4-c4ccccc4C)c3)c2cc1OC
74223947.0,CCOc1nc2ccc(C(O)(c3ccc(C(F)(F)F)nc3)c3cncn3C)cc2c(C(F)(F)F)c1Oc1ccc(Cl)cc1,CCOc1nc2ccc(C(O)(c3ccc(C(F)(F)F)nc3)c3cncn3C)cc2c(C(F)(F)F)c1Oc1ccc(Cl)cc1,74223947.0,CCOc1nc2ccc(C(O)(c3ccc(C(F)(F)F)nc3)c3cncn3C)cc2c(C(F)(F)F)c1Oc1ccc(Cl)cc1
71461618.0,CC(=O)C1CC[C@H]2[C@@H]3CCC4=CC(=O)CCC4(C)[C@H]3CCC12C(=O)[CH-][N+]#N,CC(=O)C1CC[C@H]2[C@@H]3CCC4=CC(=O)CCC4(C)[C@H]3CCC12C(=O)[CH-][N+]#N,71461618.0,CC(=O)C1CC[C@H]2[C@@H]3CCC4=CC(=O)CCC4(C)[C@H]3CCC12C(=O)[CH-][N+]#N
11587013.0,c1ccc2c(c1)CCC[C@H]2Nc1nc2ccccc2[nH]1,c1ccc2c(c1)CCC[C@H]2Nc1nc2ccccc2[nH]1,11587013.0,c1ccc2c(c1)CCC[C@H]2Nc1nc2ccccc2[nH]1
58267746.0,COc1cc2ncnc(Oc3cccc(NC(=O)Nc4cc(C(C)(C)C)nn4-c4cccnc4C)c3)c2cc1OC,COc1cc2ncnc(Oc3cccc(NC(=O)Nc4cc(C(C)(C)C)nn4-c4cccnc4C)c3)c2cc1OC,58267746.0,COc1cc2ncnc(Oc3cccc(NC(=O)Nc4cc(C(C)(C)C)nn4-c4cccnc4C)c3)c2cc1OC
44243397.0,COc1cc2ncnc(Oc3cccc(NC(=O)Nc4cc(C(C)(C)C)on4)c3)c2cc1O[C@H]1CCN(C(=O)OC(C)(C)C)C1,COc1cc2ncnc(Oc3cccc(NC(=O)Nc4cc(C(C)(C)C)on4)c3)c2cc1O[C@H]1CCN(C(=O)OC(C)(C)C)C1,44243397.0,COc1cc2ncnc(Oc3cccc(NC(=O)Nc4cc(C(C)(C)C)on4)c3)c2cc1O[C@H]1CCN(C(=O)OC(C)(C)C)C1
49843531.0,NC(=O)c1cc(F)cc2c1C(=O)N(C1CCN(C3CCC(F)(F)CC3)CC1)C2,NC(=O)c1cc(F)cc2c1C(=O)N(C1CCN(C3CCC(F)(F)CC3)CC1)C2,49843531.0,NC(=O)c1cc(F)cc2c1C(=O)N(C1CCN(C3CCC(F)(F)CC3)CC1)C2
86715668.0,COc1nc2ccc(C(O)(c3cncn3C)C3CCN(C(C)=O)CC3)cc2c(Cl)c1Cc1ccc(-n2cccn2)cc1,COc1nc2ccc(C(O)(c3cncn3C)C3CCN(C(C)=O)CC3)cc2c(Cl)c1Cc1ccc(-n2cccn2)cc1,86715668.0,COc1nc2ccc(C(O)(c3cncn3C)C3CCN(C(C)=O)CC3)cc2c(Cl)c1Cc1ccc(-n2cccn2)cc1
54757129.0,C=CCc1ccccc1OC[C@@H](O)CNCCNC(=O)CCCCCNC(=O)COc1ccc(/C=C/c2ccc3n2[B-](F)(F)[N+]2=C(c4cccs4)C=CC2=C3)cc1,C=CCc1ccccc1OC[C@@H](O)CNCCNC(=O)CCCCCNC(=O)COc1ccc(/C=C/c2ccc3n2[B-](F)(F)[N+]2=C(c4cccs4)C=CC2=C3)cc1,54757129.0,C=CCc1ccccc1OC[C@@H](O)CNCCNC(=O)CCCCCNC(=O)COc1ccc(/C=C/c2ccc3n2[B-](F)(F)[N+]2=C(c4cccs4)C=CC2=C3)cc1
46907787.0,Cc1sc2c(c1C)C(c1ccc(Cl)cc1)=N[C@@H](CC(=O)OC(C)(C)C)c1nnc(C)n1-2,Cc1sc2c(c1C)C(c1ccc(Cl)cc1)=N[C@@H](CC(=O)OC(C)(C)C)c1nnc(C)n1-2,46907787.0,Cc1sc2c(c1C)C(c1ccc(Cl)cc1)=N[C@@H](CC(=O)OC(C)(C)C)c1nnc(C)n1-2
23646345.0,CCCCOc1ccc(-c2nnc(NC(=O)[C@H](C)N)s2)cc1,CCCCOc1ccc(-c2nnc(NC(=O)[C@H](C)N)s2)cc1,23646345.0,CCCCOc1ccc(-c2nnc(NC(=O)[C@H](C)N)s2)cc1
11379.0,Nc1ccc2ccccc2n1,Nc1ccc2ccccc2n1,11379.0,Nc1ccc2ccccc2n1
10680.0,O=c1cc(-c2ccccc2)oc2ccccc12,O=c1cc(-c2ccccc2)oc2ccccc12,10680.0,O=c1cc(-c2ccccc2)oc2ccccc12
443408.0,CO[C@]12CC[C@@]3(C[C@@H]1C(C)(C)O)[C@H]1Cc4ccc(O)c5c4[C@@]3(CCN1CC1CC1)[C@H]2O5,CO[C@]12CC[C@@]3(C[C@@H]1C(C)(C)O)[C@H]1Cc4ccc(O)c5c4[C@@]3(CCN1CC1CC1)[C@H]2O5,443408.0,CO[C@]12CC[C@@]3(C[C@@H]1C(C)(C)O)[C@H]1Cc4ccc(O)c5c4[C@@]3(CCN1CC1CC1)[C@H]2O5
58267879.0,COc1cc2ncnc(Oc3ccc(Cl)c(NC(=O)Nc4cc(C(F)(F)F)nn4-c4ccccc4)c3)c2cc1OC,COc1cc2ncnc(Oc3ccc(Cl)c(NC(=O)Nc4cc(C(F)(F)F)nn4-c4ccccc4)c3)c2cc1OC,58267879.0,COc1cc2ncnc(Oc3ccc(Cl)c(NC(=O)Nc4cc(C(F)(F)F)nn4-c4ccccc4)c3)c2cc1OC
11269875.0,c1ccc(C(CCc2ncc(CCNCCc3cccnc3)[nH]2)c2ccccc2)cc1,c1ccc(C(CCc2ncc(CCNCCc3cccnc3)[nH]2)c2ccccc2)cc1,11269875.0,c1ccc(C(CCc2ncc(CCNCCc3cccnc3)[nH]2)c2ccccc2)cc1
44588157.0,CO[C@@H]1O[C@H](CO)[C@@H](O[C@@H]2O[C@H](CO)[C@H](O)[C@H](O)[C@H]2O)[C@H](O)[C@H]1OC(=O)c1cccc2ccccc12,CO[C@@H]1O[C@H](CO)[C@@H](O[C@@H]2O[C@H](CO)[C@H](O)[C@H](O)[C@H]2O)[C@H](O)[C@H]1OC(=O)c1cccc2ccccc12,44588157.0,CO[C@@H]1O[C@H](CO)[C@@H](O[C@@H]2O[C@H](CO)[C@H](O)[C@H](O)[C@H]2O)[C@H](O)[C@H]1OC(=O)c1cccc2ccccc12
44380613.0,Clc1cccc(CNCCCCCCNCCCCCCCCNCCCCCCNCc2cccc(Cl)c2)c1,Clc1cccc(CNCCCCCCNCCCCCCCCNCCCCCCNCc2cccc(Cl)c2)c1,44380613.0,Clc1cccc(CNCCCCCCNCCCCCCCCNCCCCCCNCc2cccc(Cl)c2)c1
13621653.0,COCc1cnc(-c2ccc(OC[C@@H](O)CNCCc3ccc(OC)c(OC)c3)cc2)[nH]1,COCc1cnc(-c2ccc(OC[C@@H](O)CNCCc3ccc(OC)c(OC)c3)cc2)[nH]1,13621653.0,COCc1cnc(-c2ccc(OC[C@@H](O)CNCCc3ccc(OC)c(OC)c3)cc2)[nH]1
91899769.0,CC(=O)N[C@@H](CCC(N)=O)C(=O)N[C@@H](CO)C(=O)N[C@@H](CCC(N)=O)C(=O)N[C@@H](CCC(N)=O)C(=O)N[C@H](C(=O)N[C@@H](Cc1ccccc1)C(=O)N[C@]1(C)CCCCCC/C=C\CCC[C@@](C)(C(=O)N[C@@H](CCC(N)=O)C(=O)N[C@@H](CC(N)=O)C(N)=O)NC(=O)[C@H](CC(C)C)NC(=O)[C@H](CC(C)C)NC(=O)[C@H](CCCCN=C(N)N)NC(=O)[C@H](Cc2c[nH]c3ccccc23)NC(=O)[C@H](CC(C)C)NC(=O)[C@H](CC(N)=O)NC1=O)[C@@H](C)O,CC(=O)N[C@@H](CCC(N)=O)C(=O)N[C@@H](CO)C(=O)N[C@@H](CCC(N)=O)C(=O)N[C@@H](CCC(N)=O)C(=O)N[C@H](C(=O)N[C@@H](Cc1ccccc1)C(=O)N[C@]1(C)CCCCCC/C=C\CCC[C@@](C)(C(=O)N[C@@H](CCC(N)=O)C(=O)N[C@@H](CC(N)=O)C(N)=O)NC(=O)[C@H](CC(C)C)NC(=O)[C@H](CC(C)C)NC(=O)[C@H](CCCCN=C(N)N)NC(=O)[C@H](Cc2c[nH]c3ccccc23)NC(=O)[C@H](CC(C)C)NC(=O)[C@H](CC(N)=O)NC1=O)[C@@H](C)O,91899769.0,CC(=O)N[C@@H](CCC(N)=O)C(=O)N[C@@H](CO)C(=O)N[C@@H](CCC(N)=O)C(=O)N[C@@H](CCC(N)=O)C(=O)N[C@H](C(=O)N[C@@H](Cc1ccccc1)C(=O)N[C@]1(C)CCCCCC/C=C\CCC[C@@](C)(C(=O)N[C@@H](CCC(N)=O)C(=O)N[C@@H](CC(N)=O)C(N)=O)NC(=O)[C@H](CC(C)C)NC(=O)[C@H](CC(C)C)NC(=O)[C@H](CCCCN=C(N)N)NC(=O)[C@H](Cc2c[nH]c3ccccc23)NC(=O)[C@H](CC(C)C)NC(=O)[C@H](CC(N)=O)NC1=O)[C@@H](C)O
56665517.0,COc1cc2ncnc(Oc3cccc(NC(=O)Nc4ccc(Cl)c(C(F)(F)F)c4)c3)c2cc1OC,COc1cc2ncnc(Oc3cccc(NC(=O)Nc4ccc(Cl)c(C(F)(F)F)c4)c3)c2cc1OC,56665517.0,COc1cc2ncnc(Oc3cccc(NC(=O)Nc4ccc(Cl)c(C(F)(F)F)c4)c3)c2cc1OC
46226678.0,CC1=NN(C(=O)c2ccc(O)cc2)C(=O)C1/N=N/c1ccc(S(=O)(=O)Nc2ncccn2)cc1,CC1=NN(C(=O)c2ccc(O)cc2)C(=O)C1/N=N/c1ccc(S(=O)(=O)Nc2ncccn2)cc1,46226678.0,CC1=NN(C(=O)c2ccc(O)cc2)C(=O)C1/N=N/c1ccc(S(=O)(=O)Nc2ncccn2)cc1
46836318.0,CCCOc1ccc(S(=O)(=O)N2CCN(C)CC2)cc1-c1nc(CC)c(F)c(=O)[nH]1,CCCOc1ccc(S(=O)(=O)N2CCN(C)CC2)cc1-c1nc(CC)c(F)c(=O)[nH]1,46836318.0,CCCOc1ccc(S(=O)(=O)N2CCN(C)CC2)cc1-c1nc(CC)c(F)c(=O)[nH]1
136073751.0,COc1cc2c(Oc3cccc(NC(=O)Nc4cc(C(C)(C)C(F)(F)F)on4)c3)ncnc2cc1O,COc1cc2c(Oc3cccc(NC(=O)Nc4cc(C(C)(C)C(F)(F)F)on4)c3)ncnc2cc1O,136073751.0,COc1cc2c(Oc3cccc(NC(=O)Nc4cc(C(C)(C)C(F)(F)F)on4)c3)ncnc2cc1O
127053778.0,CSCC[C@H](N)C(=O)N[C@@H](C)C(=O)N[C@@H](CCCNC(=N)N)C(=O)N[C@H](C(=O)N[C@@H](CCCC[NH+](C)C)C(=O)N[C@@H](CCC(N)=O)C(=O)N[C@H](C(=O)N[C@@H](C)C(=O)N[C@@H](CCCNC(=N)N)C(=O)N[C@@H](CCCCN)C(=O)N[C@@H](CO)C(=O)N[C@H](C(=O)NCC(=O)NCC(=O)N[C@@H](CCCCN)C(=O)N[C@@H](C)C(=O)N1CCC[C@H]1C(=O)N[C@@H](CCCNC(=N)N)C(=O)N[C@@H](CCCCN)C(=O)N[C@@H](CCC(N)=O)C(=O)N[C@@H](CC(C)C)C(=O)N[C@@H](C)C(=O)N[C@H](C(=O)N[C@@H](CCCCN)C(=O)N[C@@H](C)C(=O)O)[C@@H](C)O)[C@@H](C)O)[C@@H](C)O)[C@@H](C)O,CSCC[C@H](N)C(=O)N[C@@H](C)C(=O)N[C@@H](CCCNC(=N)N)C(=O)N[C@H](C(=O)N[C@@H](CCCC[NH+](C)C)C(=O)N[C@@H](CCC(N)=O)C(=O)N[C@H](C(=O)N[C@@H](C)C(=O)N[C@@H](CCCNC(=N)N)C(=O)N[C@@H](CCCCN)C(=O)N[C@@H](CO)C(=O)N[C@H](C(=O)NCC(=O)NCC(=O)N[C@@H](CCCCN)C(=O)N[C@@H](C)C(=O)N1CCC[C@H]1C(=O)N[C@@H](CCCNC(=N)N)C(=O)N[C@@H](CCCCN)C(=O)N[C@@H](CCC(N)=O)C(=O)N[C@@H](CC(C)C)C(=O)N[C@@H](C)C(=O)N[C@H](C(=O)N[C@@H](CCCCN)C(=O)N[C@@H](C)C(=O)O)[C@@H](C)O)[C@@H](C)O)[C@@H](C)O)[C@@H](C)O,127053778.0,CSCC[C@H](N)C(=O)N[C@@H](C)C(=O)N[C@@H](CCCNC(=N)N)C(=O)N[C@H](C(=O)N[C@@H](CCCC[NH+](C)C)C(=O)N[C@@H](CCC(N)=O)C(=O)N[C@H](C(=O)N[C@@H](C)C(=O)N[C@@H](CCCNC(=N)N)C(=O)N[C@@H](CCCCN)C(=O)N[C@@H](CO)C(=O)N[C@H](C(=O)NCC(=O)NCC(=O)N[C@@H](CCCCN)C(=O)N[C@@H](C)C(=O)N1CCC[C@H]1C(=O)N[C@@H](CCCNC(=N)N)C(=O)N[C@@H](CCCCN)C(=O)N[C@@H](CCC(N)=O)C(=O)N[C@@H](CC(C)C)C(=O)N[C@@H](C)C(=O)N[C@H](C(=O)N[C@@H](CCCCN)C(=O)N[C@@H](C)C(=O)O)[C@@H](C)O)[C@@H](C)O)[C@@H](C)O)[C@@H](C)O
18792927.0,Nc1ncnc2c1c(-c1cccc(O)c1)cn2C1CCNCC1,Nc1ncnc2c1c(-c1cccc(O)c1)cn2C1CCNCC1,18792927.0,Nc1ncnc2c1c(-c1cccc(O)c1)cn2C1CCNCC1
121426259.0,Cc1cccc(Nc2c(C)nc3c(N)cc(N4CCOCC4)nn23)c1C1CCNCC1,Cc1cccc(Nc2c(C)nc3c(N)cc(N4CCOCC4)nn23)c1C1CCNCC1,121426259.0,Cc1cccc(Nc2c(C)nc3c(N)cc(N4CCOCC4)nn23)c1C1CCNCC1
134140427.0,CCc1ccc(/N=C2\S/C(=C\c3ccnc(Nc4ccc(C(=O)O)cn4)c3)C(=O)N2C)cc1,CCc1ccc(/N=C2\S/C(=C\c3ccnc(Nc4ccc(C(=O)O)cn4)c3)C(=O)N2C)cc1,134140427.0,CCc1ccc(/N=C2\S/C(=C\c3ccnc(Nc4ccc(C(=O)O)cn4)c3)C(=O)N2C)cc1
74221012.0,Cc1cc(C(O)(c2ccc(C#N)cc2)c2cncn2C)cc2c(C#N)c(Cc3ccc(-n4cccn4)cc3)c(C#N)nc12,Cc1cc(C(O)(c2ccc(C#N)cc2)c2cncn2C)cc2c(C#N)c(Cc3ccc(-n4cccn4)cc3)c(C#N)nc12,74221012.0,Cc1cc(C(O)(c2ccc(C#N)cc2)c2cncn2C)cc2c(C#N)c(Cc3ccc(-n4cccn4)cc3)c(C#N)nc12
44280339.0,C[C@@H](O)[C@H](NC(=O)[C@@H]1CSSC[C@@H](NC(=O)[C@H](N)Cc2ccc(O)cc2)C(=O)N[C@@H](Cc2ccccc2)C(=O)N[C@@H](Cc2c[nH]c3ccccc23)C(=O)N[C@@H](CCCCN)C(=O)N[C@@H]([C@@H](C)O)C(=O)N1C)C(N)=O,C[C@@H](O)[C@H](NC(=O)[C@@H]1CSSC[C@@H](NC(=O)[C@H](N)Cc2ccc(O)cc2)C(=O)N[C@@H](Cc2ccccc2)C(=O)N[C@@H](Cc2c[nH]c3ccccc23)C(=O)N[C@@H](CCCCN)C(=O)N[C@@H]([C@@H](C)O)C(=O)N1C)C(N)=O,44280339.0,C[C@@H](O)[C@H](NC(=O)[C@@H]1CSSC[C@@H](NC(=O)[C@H](N)Cc2ccc(O)cc2)C(=O)N[C@@H](Cc2ccccc2)C(=O)N[C@@H](Cc2c[nH]c3ccccc23)C(=O)N[C@@H](CCCCN)C(=O)N[C@@H]([C@@H](C)O)C(=O)N1C)C(N)=O
13621626.0,COc1ccc(CCNCC(O)COc2ccc(-c3nc(C)c(Cl)[nH]3)cc2)cc1OC,COc1ccc(CCNCC(O)COc2ccc(-c3nc(C)c(Cl)[nH]3)cc2)cc1OC,13621626.0,COc1ccc(CCNCC(O)COc2ccc(-c3nc(C)c(Cl)[nH]3)cc2)cc1OC
12797747.0,CC(C)NCC(O)COCCCc1ccccc1,CC(C)NCC(O)COCCCc1ccccc1,12797747.0,CC(C)NCC(O)COCCCc1ccccc1
49800167.0,CCOc1ccccc1N1CCN(CC(O)CN2C(=O)NC(=O)C2(c2ccccc2)c2ccccc2)CC1,CCOc1ccccc1N1CCN(CC(O)CN2C(=O)NC(=O)C2(c2ccccc2)c2ccccc2)CC1,49800167.0,CCOc1ccccc1N1CCN(CC(O)CN2C(=O)NC(=O)C2(c2ccccc2)c2ccccc2)CC1
6430788.0,CCCCCCC/C=C/CCCCCCC(=O)O,CCCCCCC/C=C/CCCCCCC(=O)O,6430788.0,CCCCCCC/C=C/CCCCCCC(=O)O
44438900.0,CCCc1nc2cccc(C(=O)O)c2n1Cc1ccc(-n2cccc2C(=O)O)cc1,CCCc1nc2cccc(C(=O)O)c2n1Cc1ccc(-n2cccc2C(=O)O)cc1,44438900.0,CCCc1nc2cccc(C(=O)O)c2n1Cc1ccc(-n2cccc2C(=O)O)cc1
